,FR_LH_Maha,FR_RH_Maha,RR_LH_Maha,RR_RH_Maha,Cabin_Maha
1999,28.370788165937007,46.136515222012655,23.36400941811348,20.598810456602692,21.043333510948237
2249,12.592996979487602,17.26717144560553,19.826165559319787,16.97470592424615,19.947410728647146
2499,10.938882002161447,14.695528798589308,17.39589445436664,18.010793796068295,17.773265169772042
2749,7.326585112435554,12.821543867196583,16.704129841665406,15.021407607228104,21.00424588283233
2999,8.100546861230669,15.361616695062924,17.77482436783323,17.77224620955548,22.183977315496737
3249,13.824220609995384,14.121711571327797,17.634820014029685,19.277107576221916,22.94523320465764
3499,4.460922569815635,21.11072353108505,25.54640722879477,16.85644635113843,19.121932189657485
3749,4.9604357661743865,22.803284994366145,30.043686372484615,35.07564876425875,18.10567466852116
3999,5.411767603274365,21.614569885954197,32.37150316832975,33.06196417096369,22.052072621723518
4249,5.571529372309656,20.605948115009397,22.53591603794787,33.69582988444178,22.890343447218847
4499,7.31616707037619,23.561816698328155,24.056693711939516,32.77192812211305,20.10128629474181
4749,12.525083834819814,24.77806188961365,24.05474831450441,24.56100615257379,23.514174698038627
4999,13.615584921458733,19.9949474466188,23.31329637778491,23.7770042747145,30.009603654293898
5249,11.817863476656317,17.333033357613655,18.6800997070588,20.79511154019167,33.952450007986315
5499,12.333288304876579,20.247463978355015,21.01945916315129,18.14358105222128,38.09416379657964
5749,9.379751758920897,21.462585555542418,21.885809861800205,16.18925367017621,34.51253200618752
5999,11.270711705732259,21.678715931783493,22.11970335900947,18.138616562603886,28.457919635069956
6249,12.752277289120068,23.130169706683404,22.229666045946317,16.766887475711066,32.116546841225436
6499,11.360219491531366,17.63893476660336,20.67956121042112,15.45958866329766,35.603851861971116
6749,9.220735045383796,18.20707122798811,21.956171737505343,18.53059154438839,31.66105045266425
6999,7.361252041284001,23.015040898779628,22.967951283949397,15.716112926179678,29.12697342592807
7249,11.10765350464423,22.099713719609255,11.013529351009154,22.827682739750834,27.836724060562997
7499,14.406431222796684,16.563026785359916,8.295539973640679,11.515683354977158,32.533764966555495
7749,12.154923388140352,20.315654001391415,9.606864335070968,7.981180670562285,23.18421676547217
7999,7.108302842892303,21.556335551609106,7.808297909007846,6.113579899719739,20.212800808510025
8249,5.8378876822633705,17.90153934938751,6.834514523212997,5.268388389607979,24.60885164953441
8499,5.177430384861504,24.413910179122542,8.877902161167988,6.922193830115529,22.289392741372406
8749,2.956235515080194,17.29176965699827,5.107781562979074,4.651867941890479,24.504825223356928
8999,2.708611178532515,15.549020690420267,5.633999404897747,5.365509735611095,25.62486833317964
9249,2.3867771412018906,19.997910207522466,7.875092309576999,3.900746538611669,21.37965298701642
9499,10.78258279928267,23.385259380404776,10.130240603506191,10.548049211830136,19.244598934914812
9749,8.474411061326004,21.524311372181522,13.950731831454968,10.600787620376371,21.41517787884961
9999,1.781900671379308,12.338794630941079,11.027418922967676,8.80264269842281,38.339609722615265
10249,1.9997374041644782,14.752407529799966,12.450470704595794,11.462333567731823,26.80213218703932
10499,3.5140413494030556,17.74538180884575,7.767040470460401,11.749683617529818,17.87245028107232
10749,3.534844048068095,18.551698192074575,6.698524513757507,9.420372066017404,22.60154339013519
10999,3.8238178474527587,18.200268497857504,8.11188480784899,11.127217780605624,24.55282935344087
11249,5.970494875445754,21.637980885882328,9.987321075101386,14.005526885125857,19.919766222068276
11499,8.286066773513335,25.08025350314007,9.773640653675754,14.373256133399968,27.854706202541703
11749,14.179485316695988,24.65599315674524,12.191208269266205,18.335640777414532,27.249957884486925
11999,16.20989494855793,24.856071328880592,11.225414334056524,16.79056163984544,23.008753062064503
12249,22.42839786076343,23.35211276793664,14.468654722373888,20.998630448218094,33.358698214719745
12499,21.09194376022898,21.299097490174663,16.466782123633543,20.09943994906542,31.075500454448676
12749,28.371985673400907,27.113395602178286,17.50558241709107,22.4770331125713,28.80310959244867
12999,30.755971238759052,32.12734946805921,18.668511675380913,23.03213303816044,24.6688310221855
13249,18.1660830024686,20.7539973761923,12.775505352977472,15.11521971024166,27.93252408123577
13499,14.276396738805284,21.060787839378165,10.060929776696858,11.557204023303225,21.50213395674342
13749,14.225579885897613,26.464467503352157,8.758242797996772,11.954622683304187,26.15452902551155
13999,10.052366446541612,32.697199040961095,6.366863150635815,9.843051679868159,40.77284743908903
14249,11.013121329501969,28.004734547240496,15.574132138824098,12.973559424782055,18.526558711487073
14499,19.983241420179425,18.417348036390983,20.554961396548364,14.658236362589344,25.484637556786126
14749,23.173787297752483,20.45569325447028,20.601284194901332,14.137699226873508,22.27352130793853
14999,38.06911281416342,27.946231034917517,19.47201800789772,24.679032517807112,30.494235691057078
15249,26.494045813067174,25.03647884555233,25.739279666862814,24.65660291797333,29.65166236665747
15499,32.33977648539876,26.19721975805067,25.74958519383712,20.7207281741036,38.912421876492274
15749,20.07276385829916,23.683186945602465,30.45889192211161,23.77364847320414,74.52252220763054
15999,15.486156986077606,24.12362694533597,27.37393364273838,27.77219579623189,36.46134371955951
16249,13.841895234321747,25.24446383216832,28.97291727213627,25.61727036326394,40.328596853899555
16499,12.894654542791553,32.10965045727103,26.555196714894542,23.31114983220936,25.63295080543591
16749,11.407385559965896,24.978016129470568,23.86264621368968,22.323865310332565,26.394995778720105
16999,14.08297740566781,16.432181025188637,17.379177572002504,12.015527329469897,28.776277683128427
17249,8.336647888250898,18.686908531764203,20.471813710616942,10.036850459765613,30.555498070273813
17499,3.512495424029691,19.443622189211617,8.437122385404713,12.887351677085814,14.826519463611621
17749,37.39245427690723,28.416820313593767,8.897035980892174,19.770426543359683,26.27459491815557
17999,33.38206706415794,26.040399063457542,7.774557268506644,17.530382826691906,19.88077773087644
18249,31.55078888637091,23.371090036989212,5.530308846708367,16.558267629651905,19.010537853750886
18499,30.556889347741233,18.042916400537262,6.206740239267582,17.6879085743748,22.43694526644758
18749,32.2217022973401,25.223191823358643,5.065093550404925,16.51016203612912,20.304144471908625
18999,36.40430560262729,31.233863107107418,5.141384150723889,17.341962634359934,20.51910147266683
19249,36.76661607858257,21.124148177899936,5.479083545499879,19.024452183922556,17.824591400445335
19499,54.486906937079794,26.55367008026772,8.304748084909653,20.337705888277803,27.472382369402574
19749,7.171737811029048,18.817630900821165,9.746525753816082,18.516849797366618,21.22905263000272
19999,31.0626786068961,21.796505162183774,8.977730979519777,17.49524853910709,24.705272946358562
20249,32.22003256814404,20.593980358710308,6.795111856299484,16.239479645400905,32.29712948300989
20499,44.77305796790911,33.282717291078725,9.795220563355876,25.099911478625774,24.299443298580158
20749,84.36311574190537,54.26276722998861,11.590315630796804,26.761100560773205,26.15489152091106
20999,82.06031383590731,45.80407386159916,11.434512209915098,27.05172034259913,27.601357609422017
21249,57.01384801146402,36.15762919612774,12.046834687740244,32.55747655747563,29.493730736765578
21499,32.48122599715291,34.11480728952101,10.827811384321077,35.93367877233566,21.171645016552226
21749,10.207334732084815,19.96847417574105,10.541095371688534,32.24038354206992,26.118476685766375
21999,6.149681311221253,21.317907027162022,10.328587184488747,26.906569262521234,28.74812246086249
22249,7.302433515703985,24.962677224111047,16.997402059545035,32.68861035311306,22.153509432031758
22499,7.252495959609556,20.517536247255727,17.345803096093587,33.34753610875724,24.946466548076977
22749,14.082901165287222,19.398460770859238,21.58341336662179,32.10840317451523,25.212601749982753
22999,13.514862649711812,19.4260846258759,25.6294386899755,30.64522678738315,28.841814539721213
23249,12.04536907252456,19.212298879657983,26.38685638545809,30.06606608350722,22.22503408284588
23499,9.385216125005119,12.206015850690376,27.732832536897163,29.231019782843205,25.37339958614139
23749,7.008093301701059,18.970198683285247,44.90738333439731,28.486523594562485,16.06678615959867
23999,7.887703894279011,16.39397937329454,46.89118280454464,30.94820459770474,17.700800905040808
24249,7.8678944416161665,28.417031936597127,32.60824783093727,25.86972616513825,24.52111826969312
24499,8.33739018633569,19.488571272742018,28.015520947721747,26.43018790575906,9.241767015645564
24749,11.184066767212135,21.155593455784096,22.763396133306017,28.061338920874128,5.569885326901768
24999,8.946338700655497,19.222787011530095,19.3717242593167,25.119652658311818,6.842442097565089
25249,10.467057511484823,19.72604766747262,19.154806725361773,23.254233388880174,3.909601377325289
25499,6.150419065293718,20.786385961408385,20.243946652563395,21.47778147104956,2.8323515544426243
25749,6.474148906789361,16.232260098629148,17.73926000900302,23.450699258387814,3.2615182283044994
25999,6.174276580292678,19.342481592537673,19.135127533610877,20.42274672696469,2.703048896546939
26249,8.447858539974712,16.97463876394173,19.012545612207084,22.39648405491511,3.612804680422653
26499,9.596859703802894,24.1034148790246,15.200325305211388,24.503932749824287,6.159033333431518
26749,2.937450891616116,19.363714430266224,11.956847350920597,22.026178636927455,5.786106626015435
26999,4.1482803124369525,25.742589137732026,16.356534133445866,24.96624449726045,5.181920440311684
27249,2.8736017530855134,18.476096651195917,14.928687027997382,15.401659939200266,6.241213088138403
27499,4.296036673174992,19.649780415998272,13.732152063343186,15.571437048682974,2.641748834735817
27749,5.137163662126159,20.495486007356472,8.242767746805802,14.440770697599277,3.0809809004217374
27999,7.145997445491233,19.18473138967564,8.282571877664257,16.011508547836176,5.5687376996555304
28249,10.546532203650433,23.912204534041443,9.066700398697467,15.284567931584338,13.576648786159197
28499,8.017317682257069,17.648141226787484,11.057562347105002,16.83568043267357,9.471659116786618
28749,5.917266280999131,23.171106279569038,11.061243491278486,16.29755654920517,11.779642039539684
28999,7.809858749415783,20.71810221139187,10.679960746372977,15.407655429122734,10.793717219478676
29249,10.221606189706613,22.294101253109684,12.594636008996398,21.829121356520048,12.445554331316679
29499,9.695455583932105,26.267414416927046,10.28056241514662,19.18595754626537,13.653600053485917
29749,10.798153690967133,24.143665407443866,16.38566984171434,15.694304029054246,14.325753945163296
29999,9.420164903085501,21.06779298745838,15.28136665402706,16.865855421339628,11.98571278371093
30249,6.7279195539400005,20.608202061606605,14.415413703329698,13.796761290422017,14.452721531120595
30499,10.63156254508486,22.530827719970546,16.46041608523931,13.191565349405558,11.563553481584878
30749,12.483260422532137,23.064915562917875,7.324866434844717,5.980244566734056,12.620128155644986
30999,12.079550974504231,23.52288873315272,7.470458595108149,6.101767565614457,16.953556713421364
31249,7.238354465570515,30.273030164908974,6.448055151139579,5.253707622662179,16.096669784170224
31499,8.271761505874501,26.235012793847776,10.979639429114819,6.1413457320513665,16.3679288078714
31749,5.3673793304214055,28.151805339628382,12.872531980253214,8.8379296648584,20.911205719011296
31999,5.0572686660738695,31.06890489684533,9.899619121371295,6.45839193202953,18.725197733995262
32249,3.6690886673388907,27.65314858155695,17.343168978910256,11.807376761211586,13.261971522545654
32499,3.429572139349486,31.72956979916883,16.971392017051322,8.986252882365854,10.143043671746222
32749,10.086706905462997,35.390799843059476,9.738130691014394,22.162162963940524,12.059152050987143
32999,5.928821978581378,32.623867605433624,6.231290009756458,19.16274071980802,8.53871539284293
33249,5.480728014910501,26.96652959607653,2.855556413734802,9.638608992047786,10.02709093200454
33499,5.046543895065254,20.556457976441436,5.297937473075886,11.275365960027507,7.468129351727995
33749,5.155987261543267,20.445929569241173,5.656615714103467,10.267670400215248,5.7669602683745556
33999,4.994683248040142,21.19322810014102,5.5940215285281925,7.35315995457339,6.62065462036527
34249,6.9754157023065355,25.73873353642496,4.947438697577639,7.557995831834536,6.949776037389702
34499,9.268139101419292,19.246941674988783,7.441018794122316,10.491213950700928,7.541267247313039
34749,11.67591601881604,33.54116155567747,8.898577228365689,12.268659344958559,17.19717461964494
34999,18.68121111341855,25.822151662291187,8.213491750475217,13.085111254955518,22.346547000591187
35249,16.336169619527794,23.356640182047975,11.772375588621934,15.816715449702563,10.73824951421331
35499,27.143431529185428,30.57386359202767,11.369953951712045,19.920741764280564,12.934870448674365
35749,24.317190601295422,29.683836986301785,8.71528337537133,14.822081312291495,19.58105040890894
35999,32.146354729813275,35.14569014243209,11.259095311411652,20.832481009767157,15.861050078781314
36249,28.773602583664065,34.7506962695216,13.139162093485101,20.429179459941587,15.996234236789004
36499,17.40783928351078,26.00160373244088,6.68477984503655,10.836506237683226,20.27712321608885
36749,31.248292273725482,31.105135538619088,7.594292290376803,9.810000067055771,9.374506999369771
36999,24.066186629939537,30.736709766542035,8.084087642414591,12.195643255331053,26.732741582253524
37249,20.307267061345364,38.500673068905705,6.129406794069201,9.641733502056672,27.833795699893926
37499,34.324112930791244,28.277707062146067,9.175302380199028,10.909856671039691,23.474163627104737
37749,42.200932013911554,34.08281004310719,9.970055753275625,12.416375565537093,12.395614808879515
37999,87.81782274376087,41.786016683030965,10.581333707116428,12.385095436849397,21.751943323878137
38249,93.28851858021136,65.19337225858222,10.893965881745999,15.578687781334207,31.3436552763485
38499,47.81173265847352,49.7044324859991,9.925028336367532,11.254545366642262,21.358293092930893
38749,33.37795204926404,77.37070261453931,9.763613979368923,11.339366838361203,41.85104150541011
38999,17.05683469869328,18.853989701009713,11.821174399203006,15.932888978386671,15.704458289675085
39249,17.18643258973723,17.773271233480248,10.8051615151657,17.00240428275815,16.053008485526743
39499,14.239166855988362,23.641688418602406,10.747406577762012,18.404178116276427,17.36185746821619
39749,11.995150279220443,20.19761839067625,10.80061157694304,18.174207335246315,15.617263590572243
39999,9.69546104404027,18.399408774399447,12.409875382070318,15.674388078584713,13.496746865836961
40249,9.29377822634238,17.895187936005794,8.519816836853547,11.62814058528176,5.434118170326503
40499,6.865585344564037,34.99046505802943,9.08790421908801,13.8331749520063,5.219519944255429
40749,47.92690767609167,33.908839783189734,26.718388366673338,7.522579069322658,7.393860852733415
40999,37.948586902844696,32.20435385785062,14.921382301216436,5.8876022868854925,8.263146165322407
41249,32.60627920175163,28.328619182150504,12.270421907200053,7.088471782272192,8.145587128169083
41499,32.87458611279477,32.36763055744123,13.849812496767726,7.680732449075759,10.103788211446592
41749,31.061124315024003,31.73794635652486,13.510871946437007,5.954914516670006,9.103901238785708
41999,36.080851393028226,32.92928563892586,12.045864966561172,5.5513774091369426,8.430627760500203
42249,39.71235758281209,33.990173168182196,12.331146732213075,7.861648083337427,9.008913896709675
42499,50.20612078648128,18.93372918442276,14.18564113101043,6.007977907365004,8.25035133143059
42749,9.136932132241483,20.237923865786968,13.162791003774569,21.29017581684853,10.40111798089314
42999,18.034413875507248,16.86830803724534,8.43785312270773,14.881854037181107,9.716977433890507
43249,41.00858737541134,23.040037538106024,6.967023497907153,36.10927665016069,11.618742267435588
43499,57.41991117842659,27.703782292119676,6.2733951650556605,49.100128331959425,14.317731980991326
43749,67.48833815954698,26.86412519451932,7.234611107518643,65.66692928734562,16.967765718873935
43999,122.18519499656108,48.791742971614966,7.5468564407289005,52.65534362725303,14.65035947155894
44249,136.53501347297117,60.86887797388737,7.210011693017179,50.641501521361874,15.059140472338562
44499,84.42815799875845,40.025059485192656,8.259012268912251,42.747434491630585,11.968997723762218
44749,37.747214967054916,32.489875654025354,6.089676328493453,31.36371626423923,11.439916984586127
44999,18.572413711393775,30.860224315712742,8.026194952174224,30.255693641102255,8.016660443564842
45249,17.851826387617088,28.389422335718862,9.873593522951829,21.668130649645025,10.918524321883554
45499,22.54312072654756,32.93877066049835,8.52186089927838,24.571859404980238,8.68280313149083
45749,22.72783847951118,34.04844249784048,9.13282843087248,22.155337563513047,8.041252677451503
45999,15.502727784344833,20.566659115947864,11.870637789005713,24.173423346431825,15.404654987000502
46249,13.473533136277954,16.425918279057818,10.415633552328373,25.946673705785756,16.715106299886106
46499,13.916278100606739,18.041672336088958,7.9848259865225195,24.466818599966494,12.479499927070876
46749,13.525581088304586,16.376488443865163,10.825156209218202,29.040840835784,12.799119037300137
46999,13.843063614860949,17.08001613289795,10.998520410135797,22.44880435738368,17.750287681415614
47249,12.531164382149175,14.564566895124152,12.946463648468743,20.69772203693725,14.798266364304766
47499,13.473914777865026,12.441344533714457,21.877064579518887,18.368231775899275,5.1890322369459305
47749,13.110191324598905,10.25596586946638,20.996066481612004,21.667312675306253,4.50509671953701
47999,15.400297366438997,13.473363149774057,12.093783272642789,16.739647577974726,3.2698863304127737
48249,13.44775510317662,11.968436297657188,11.501842909760517,17.103408932134993,4.6591600211447695
48499,10.496303451167272,8.548956611305028,10.657414032929992,17.297788891304467,2.9828458458574376
48749,7.558706391388628,7.646797453393689,9.781308853499414,14.328504120987551,1.6122137256548574
48999,8.59123590029846,4.685428287206528,9.423999401557973,19.4422763220996,2.417095288929393
49249,9.27714855140116,6.0858432947465095,10.131817612455926,20.204081337055534,1.5912356179950313
49499,9.215562932169425,5.896833500902236,12.189433260250134,19.895589466890343,4.628210252691254
49749,5.862139124306621,7.311896670666155,9.866749647032197,23.809986614931944,3.4204018794482334
49999,7.705865866250137,8.884854540577702,13.795208513258437,38.03854881212496,3.446453860621558
50249,6.702916945030093,5.355592363998851,16.435542379507893,38.96846598459173,7.910015212022508
50499,9.702100979942145,7.914953561642289,10.609313011873287,24.42744639323498,4.5005793834263175
50749,11.052705161054242,5.607594756502033,9.790131654078083,20.963979452523553,3.94113388319181
50999,14.460117702405267,10.360911633694949,8.651083906096856,21.164436918927535,7.299951239486859
51249,14.22701880664864,13.661805334287466,10.357340781066352,20.097355472541985,8.685280943309468
51499,15.315996207484485,17.571080326036718,10.778327516309908,18.90053429644832,12.914729959576952
51749,17.145307810484923,22.1188345524693,10.694981510566581,17.194327194620342,15.280977669878759
51999,16.155019685860594,24.424677752169824,10.702275333255226,16.34958516709808,13.40078208586118
52249,21.01450890785366,20.732239059179506,10.377386680893817,15.212290041549446,12.375787804991223
52499,22.29312596219196,17.240706897416235,11.99811343879351,18.888552926793416,14.79099854981335
52749,21.10224314200748,18.168378831530035,10.580021013380879,15.737083021838963,16.041679467847764
52999,26.128577377186296,16.813232228746845,13.525913684099073,16.47268128894627,14.112466961336894
53249,26.87369200216979,7.479760625302383,12.169409551746952,18.265926306822244,13.167005782412257
53499,26.62687649114322,7.7151800415374785,12.364775709245535,19.73101246984509,12.641969549222484
53749,19.900096954958403,12.235520124390627,14.864842581391926,20.402703533394465,12.051479361916208
53999,24.48930979089749,9.39690129302927,4.924586485724364,7.346844569140382,11.940403528865744
54249,20.062864299290382,5.055450895623661,5.41346726430212,9.115617842531034,10.515884895338722
54499,17.250428843018685,6.842789737194815,3.551841396078989,5.6058949426899245,21.689961511024414
54749,16.38152024439008,6.329080324157419,3.510773709903177,7.5929023357209084,29.680944933684515
54999,10.39149874453254,6.0824856513002405,2.167721418757998,5.885764534589736,25.597766546501816
55249,6.949033720666549,7.032478483070903,2.359826763665065,4.003544407066945,23.149409630781
55499,8.874288734792412,5.619646718967957,3.411268834475628,4.156530666845124,18.073943227009135
55749,8.510935204014753,6.787737619609366,2.7997852462173674,4.061027572330901,9.614967782422033
55999,1.7229258556921059,7.397553272208336,11.49190540677339,10.166261513114042,9.426560677004197
56249,7.630236039671157,13.070734740964234,5.460090456779557,6.856711855069019,9.526719375489536
56499,8.900017658187583,11.755844634407712,4.746301159947893,6.61931959646193,7.521858249921806
56749,9.050939311921862,17.162616078237797,3.381122243895332,6.635357281188094,10.116601559236251
56999,10.507530616529342,12.496106946531826,4.194065111503784,4.932599087046109,13.44587680135795
57249,10.901833376680408,13.97979626098139,5.648415558778864,5.375535608186082,12.014847669298184
57499,9.83302071715515,14.258881051556397,6.493588089687971,6.946736851031318,10.743524961835734
57749,10.364201461139801,15.945373241168625,10.523320539303636,11.093846011890534,10.198000533920503
57999,17.265629993090947,18.267499694303705,10.644738182881236,11.610996828444474,15.9688347624399
58249,19.389853766902064,13.455881996096377,8.917883955274748,14.916936096914633,15.835589778651007
58499,20.407148778804654,20.58629808368967,11.133014511276926,19.910158435152812,14.370974120425515
58749,19.93809844135625,18.65426238390916,11.384841740335789,17.19955925495144,14.331978572044733
58999,25.21595508977309,27.47185535376803,11.323231577633566,19.848351336408626,15.933914220409328
59249,23.103159829907334,26.387411657245867,12.355204704556996,22.908492789921084,15.488020300126076
59499,17.20520084469923,15.186646947946063,8.386605060520917,15.463111252449494,12.894284031958291
59749,17.018032714950888,13.36431730358721,5.5670666606382495,9.269544274947677,8.356863874187324
59999,15.713650437781366,14.7008357300864,6.078926251352765,11.345687326058604,15.38214496622089
60249,14.994677204249628,18.45431888658977,5.722156281197601,9.095341444492721,15.032740034362368
60499,16.668772758385423,11.051664718424838,7.8293584649294665,9.908210704244471,16.17999263162546
60749,13.778827696247184,19.37662184240469,8.304576018856286,15.793889506925382,12.45658823354259
60999,19.598620243019298,25.776713180980153,11.444798429720713,19.91623014884314,23.61009307828435
61249,25.364199154271738,31.96367889848753,10.791804062633972,24.627353969096266,23.3850541185127
61499,14.965124289880578,25.487632772038978,11.668579837177937,18.614047242050688,27.60700382015048
61749,26.80003461161995,32.661097064633395,10.45392361098391,15.937036894183123,56.573299299702995
61999,19.22066926476327,16.9034797203703,17.765480895286807,13.684462067101459,30.79872315287114
62249,15.383112011616344,16.66413609494738,18.07858450284624,14.565911654482344,32.90674937977761
62499,12.453681790630469,22.21546811239027,20.796802898032567,13.408489893992652,35.62130461339449
62749,12.370939870449371,15.817551813646936,20.403198822039975,12.877858399487984,19.73331085348981
62999,10.920777699450122,10.045447131613841,18.95248928650517,11.424150816215455,19.973839576623156
63249,12.525787460482153,12.173909022198185,12.626419514045345,8.670119513438905,13.541676751135235
63499,14.050138111572547,7.813116518681172,11.931561369852218,10.44400129016632,9.01145822859925
63749,78.1336422451024,27.502586823460774,12.938770014071192,7.277782670529024,22.427189708182468
63999,60.15493491041239,31.110974354064865,12.229680490279076,6.590944785179222,19.816553634861705
64249,46.191144028893476,33.03064131175998,11.019867392739007,5.448236038332299,18.022310856875507
64499,34.07694936590367,35.85541648986404,12.861810965198254,7.261061941725671,17.500754164133454
64749,35.78005386726005,36.2647554441873,13.77775492735648,6.658358779598472,16.672467760836483
64999,39.78600583168098,37.37416169285203,11.200716894574974,6.494345590141078,18.858095866851755
65249,42.69939467589424,38.766834912018396,12.561994382440789,9.240147767903403,18.94628170950672
65499,49.764131564072116,29.75699267580859,11.571744983467852,8.24185339148628,14.381145883442457
65749,8.826230607574933,9.020329695948949,18.37101300964386,16.30894176167363,7.444533593937578
65999,11.540991553400582,11.631627209403131,8.038757445318296,16.03671131980273,11.01124753925427
66249,35.34765305942072,9.343423307530218,10.84711422093456,39.30042836330549,10.090563248917373
66499,43.16152640753144,11.575731020266856,8.896356299539951,42.95499026967729,13.606519391957796
66749,61.458213081614446,16.890609164508383,8.281848648541958,54.963319079866594,11.699182875537602
66999,135.51873168712433,37.54255663135297,6.546483459659499,40.02468876517726,11.942309222687857
67249,155.3777991813339,43.850599732338125,6.386273985108865,48.058611761817914,10.601641686151314
67499,115.50986027246655,36.57040885827372,6.031255998175055,38.89034763159272,10.58928247335858
67749,50.58259600050023,24.917702930232508,4.188704610739201,31.799766656785707,10.9042462502425
67999,23.62908096874306,31.678057577489767,5.363894427184805,30.468286362017487,8.891355220481636
68249,12.647754931593802,25.06685593388977,7.602878420093825,24.57652909490286,17.736244146781445
68499,12.680019885955343,27.853248417952514,6.014548836295405,27.9045743223686,12.072702229139054
68749,10.693015895826413,30.31120773103808,8.256614121568333,27.394870012991603,12.876431483132183
68999,21.326460590013085,12.038380858333891,13.403526953952753,30.40996444078694,15.910217992622336
69249,19.561671414519083,9.67654161243065,14.695474253972968,30.23643816659083,19.27441155179182
69499,13.47552761619608,8.459304733588212,13.735621545733732,32.577022964763756,13.62721579148082
69749,12.518824478921296,10.173499306578556,17.378737328317413,31.168642370209568,9.592989277484019
69999,9.572982377278796,8.671864955527568,17.033959593478208,32.274872886844165,11.011651437006075
70249,11.342011439305685,17.160006875051053,20.917606947674944,37.91951593607766,14.893297040962038
70499,7.08017453380624,20.96074078946301,23.768283978836116,24.359613246732483,27.75772770200311
70749,5.934401647469821,21.071082435437887,13.395369237143036,20.76675077025301,29.984444469869914
70999,11.936003802649152,27.272528329044466,7.592043447429296,15.476518347037064,21.640059750361697
71249,19.363043938536546,40.29760749389809,4.022599804280206,8.719118146674694,30.804010395470613
71499,16.82269272904668,52.42927296528754,2.147064717050612,12.488858837127601,41.444369471059915
71749,19.825490847354995,57.239417290663354,2.044186108927547,24.58381152697186,51.79846680197484
71999,25.335282194369796,62.512759973586675,2.17447680733151,32.78826736162196,60.95194328311708
72249,23.173154770508276,57.18692015438607,2.0540203598137783,23.843838981916022,52.799251791011564
72499,21.370092987959097,57.828077315898135,2.15972136797893,27.660112760652158,45.596995261424084
72749,24.895335963520246,80.86876035466628,3.553903549946553,27.298617626158705,58.09127824897265
72999,23.41358228854458,61.3653818275655,2.8924576918069125,27.44563901446179,43.55612350776266
73249,25.641653896410507,60.91118346320204,3.8798974182727015,28.799624239196426,47.55165908608111
73499,31.61212918016541,60.89314628283169,6.299268908298158,21.458315851736742,55.881825415481906
73749,29.909967348161835,56.164404790199484,8.614444092892022,24.18808798948671,53.0212449356647
73999,25.362413175652904,49.41101097625284,7.09357018763778,22.417820824725663,45.60223553870198
74249,26.7788492039146,53.93740355415788,9.256236646439286,25.833078823684072,57.99722086089068
74499,27.926784613467547,58.688958317430156,14.452328866098302,24.60310740257165,71.35051697614594
74749,136.0352725848918,112.63061255687023,9.429083079310137,25.86927262029093,74.44054326564643
74999,144.75057769223412,144.58591658146668,12.814260787508912,25.277265012616414,79.26522738173443
75249,135.47376149676035,161.6901596185866,11.036668444197783,23.110370614699107,75.45870250569291
75499,137.21851391550695,195.47074107812335,10.64761309317252,31.348640745636395,80.20946853062844
75749,141.8866078074651,166.13679231789672,6.4630231532398525,25.385199104458025,80.31611396821673
75999,148.65167256003946,210.7307874751851,7.72968308638331,25.23178887341008,102.69191776164831
76249,134.88945884200245,164.36562385375728,8.537176538389737,25.02011683379326,88.31282694703361
76499,132.81058606750634,127.5010693158813,6.4621654241655655,23.400530892665408,68.94216163306461
76749,18.345664659953794,44.09697234624599,9.776584248024156,18.23184935821162,66.36281942029285
76999,29.043005253215757,60.839734083767624,15.476648481876456,26.526129014412135,92.04230891609238
77249,28.09016870828512,49.93046396889498,15.272460605963385,29.887741962510457,90.15347626495468
77499,25.78458630249248,48.465158650623344,7.269709960789781,23.980739306040494,84.671797810095
77749,33.12555466940992,57.70641917674563,8.440387447202054,30.29924131718615,91.64105261631647
77999,36.69657858254968,56.79346564229836,9.144296095966906,46.45821330576112,80.10589759274772
78249,36.14768315805317,65.57126642291038,8.428535461143039,40.28574077700204,79.9241688757815
78499,41.134040196398466,75.90470341142543,9.243640643331343,44.25429095819302,87.258940487707
78749,31.490716740705842,68.74932044024227,10.282888833665572,42.30486256163539,91.4849690094293
78999,22.561635590464437,67.36028807840853,4.3522301318450225,28.207281741946687,50.184144376206554
79249,19.99275311138443,64.30090192443501,3.5124823976362762,25.062980911354288,47.626990818053265
79499,21.815656284066904,63.75694504032744,9.900492685215589,23.50435652991433,51.58067581846127
79749,21.84412330550066,70.02483157601841,7.1729291020653285,17.005690600194622,67.74149468431736
79999,22.545034367045815,60.09920836847911,9.595462919576763,16.92563648636567,73.28048634591079
80249,22.373058248835907,51.58044385587609,10.776576029390945,18.458950789980797,63.78696383851444
80499,19.14092182565235,70.47271667991964,13.020858227482867,17.375110956894112,81.56579665014324
80749,18.207147578397695,63.993949303881486,12.485218207864783,19.813640889312765,64.96420470454368
80999,18.621614535656587,69.15556028655806,12.377488921201602,18.9083554996088,66.1544583163491
81249,19.649787562074145,69.14889874293945,14.249790182448367,22.413652495130215,101.36398385049858
81499,12.631675772187382,55.92170519471888,11.822317999127591,27.15273013542189,92.12363747448629
81749,16.446462163833424,54.21690451211924,13.233383382716873,26.34666725519655,99.81144656586473
81999,11.721942757564515,68.7542561134451,10.26883770360588,25.622162316438505,97.57098112020805
82249,12.494386127155034,73.13754255609842,8.203041182087105,24.479902737654243,109.94543414052599
82499,11.9161866341591,55.46309398444707,10.258203630417766,23.57776995866761,81.798601774647
82749,12.474967865859835,64.74267181244154,8.349782278099267,26.238687168948097,95.08701337531149
82999,13.852569514090186,73.31855134666029,6.185350620559605,30.297801103933494,101.90796715281786
83249,12.767691254949689,71.54075638381406,4.9049988867646634,21.29889935215145,83.95310833722607
83499,14.455880238628705,71.68260061177895,5.624142070838168,17.599068335233593,79.65125105278315
83749,15.124600959486346,70.8078437263615,4.6589033378899325,18.293001159424612,64.64465467168816
83999,14.671504561149273,52.6747776172085,5.844182056142084,27.21876760233151,60.49259555201829
84249,13.385773296087491,44.188091689423764,8.651198852195648,31.347823499376453,48.21866440854387
84499,17.031684252285455,50.25109198154437,10.504881131098921,39.09175025744665,57.323880292889996
84749,17.184295721075,50.84556949499109,12.624809408733705,36.82012490578663,59.44125375903647
84999,15.581022924397908,44.37678909808236,14.308231832480738,33.64266532527776,63.15837921892015
85249,20.310662045420084,42.84566708274903,13.330868353638236,24.741284482368425,81.09720469935837
85499,19.492162889512485,50.585179421781504,15.124927146761214,19.14784049392552,84.56861995894215
85749,18.59173970385897,50.39303298836097,15.771847019376729,19.791491436624767,83.36908669128799
85999,17.482745346442613,44.39286595524258,16.84036868360869,22.650851200634555,76.96041752588071
86249,18.26095698080728,56.571368045040956,17.87555687922358,19.07333527449923,62.9197119040036
86499,16.267925260380125,53.50529382148671,13.635905819767794,18.680481863405422,62.00323002305576
86749,15.472949963430624,70.61529597653717,12.177291525451055,20.911654148576197,63.10527278141329
86999,12.648998257342207,56.37336945197453,14.909639745626812,24.773865255976798,56.10545454429305
87249,18.074541055787183,77.71372329706804,64.711455307433,40.99624687429391,73.76217122566376
87499,18.625860345480717,74.23468641668904,63.629928067468285,39.9271463148363,76.65786093361477
87749,15.93024984173337,68.4145009997037,72.91526495757961,35.1126715386258,57.92725893679919
87999,13.309663082444388,68.08791939740982,93.01802863373359,24.91188316209055,57.06420824972664
88249,14.205936753555003,69.86998823905628,94.47213175504481,23.227568609334604,61.516724672934345
88499,15.059323258691157,62.19639546614954,74.71984235491811,30.434963247900793,54.14526150953664
88749,16.748306317731505,62.18464959234028,84.17260659888791,27.77252729746923,58.28807530989168
88999,18.053086551194653,61.41338761148882,64.02048924012664,38.212114780191875,61.45293160466547
89249,14.877215642098395,57.8865695609828,8.61513104328361,17.57466064071629,55.96049795968331
89499,13.703770254180938,58.883949340828266,8.591223196390612,19.581916336383973,60.802895160217965
89749,28.32902513157991,61.49990669764243,21.731494908646244,34.10367159249946,69.776100775238
89999,44.01052135769304,70.90741745483972,20.74274350844407,33.33175832876235,75.62617063430282
90249,43.87260276092949,109.79906459182305,22.92267872795359,59.628713749510005,81.82885077705055
90499,39.59132818009523,107.14946568297722,21.101510196343888,61.41731529898556,97.11093929028266
90749,40.379413502655424,105.11408600091414,18.820492515632527,62.00667971077974,97.46975347812548
90999,36.07109576082861,113.6361389771734,18.74993289496594,56.00461584576143,93.50146177384408
91249,30.458707318437487,104.97824179712129,17.804158902956082,54.64335819736453,88.78482561487976
91499,31.468012807846506,95.61472530614412,17.22071127528593,52.28178487998353,78.10508781181662
91749,27.080155733381023,74.71652114588703,11.103317906940005,49.18169976595045,65.0567315005299
91999,28.58439934675094,76.02741816776651,20.027752599674972,49.09783930962432,70.55441804511743
92249,19.12165239831285,52.988799397729636,18.820121401566812,45.47531448143497,55.39182617254137
92499,16.34995358237397,50.63433068676597,17.15819151408193,44.22606015242891,54.871631293301824
92749,16.97910483688522,49.99336611831861,18.162923955229545,43.47479036420707,58.04398368188939
92999,17.928934533924128,51.289248041093224,16.727816910203344,33.30187463426067,61.64138974577923
93249,19.41561765871196,50.626990810763154,19.533916609644372,30.92929089166342,84.11661586912938
93499,21.418372291054983,48.66122604437171,22.791761587268013,24.208111167602823,89.60584839882709
93749,28.086768392639307,52.09372271245813,25.948535804444663,25.06811420539402,112.59717130595077
93999,31.41532365855498,49.33889428628752,10.483606213368494,26.46871058484464,118.07033505365456
94249,38.84330338198707,44.5059512826629,8.413984929199852,27.2154461073972,111.12113120153995
94499,53.949254857881,57.24020978904312,8.435027026118727,25.874347770722448,122.95595829607637
94749,52.362584527234745,49.83343540060336,8.747926842077517,28.07989453877218,112.62587014253765
94999,55.87571913830464,39.0802855569439,10.267910554670664,35.76559903532302,123.99093389752929
95249,71.43245113139461,40.541002352054356,9.636165451848052,33.641556202747054,156.35723927236228
95499,77.72473951639033,52.59312961600121,9.591720231770509,36.74891723120224,192.2285361740633
95749,70.88789932974568,51.80440164967238,7.371416633103573,29.695008769893445,184.02516719814255
95999,71.35759942378219,48.41722382177085,7.555421423273386,34.3161501651759,170.84293739112536
96249,85.62342089878047,64.23712318673108,8.398094991126282,31.229536441562466,202.98001625907682
96499,66.90072308920415,47.97286506608577,6.949493777414607,36.44495977568295,156.07742213162265
96749,75.67090653899008,57.262207335999086,8.051115671945325,30.879398923545306,176.83775684084708
96999,82.6790880711006,56.19586030708636,11.139623216927347,23.029686909076602,197.35781697888882
97249,73.67402796239224,53.50236152338821,11.56763479747977,28.77732195853865,187.88305333070926
97499,68.01928715185038,47.760625764838366,9.700341952121551,29.66508072772756,174.24258385802278
97749,74.66170182992046,53.450839269718074,16.36358100693278,27.706251334170975,191.26893556114376
97999,77.65955911861441,58.034965994826806,21.311553012040566,26.86744308576298,220.35413303010654
98249,103.30304948392185,69.76887001816284,13.424144916036099,26.42576242984294,218.11900628280569
98499,108.72235393126016,85.73397118850798,14.563151197500382,27.16954001102616,234.0827776573248
98749,107.32100860398276,79.76114315246333,14.123238718145961,26.038613923273928,230.8647900231744
98999,102.802841444535,79.40748383453871,11.139347798984277,33.396882385886336,227.45705269348852
99249,108.14676120858218,77.67750640684663,8.998203619071296,28.4419841058665,227.41636178941158
99499,110.43698606004608,91.44639200190514,10.369959372044244,26.057319932191266,247.93323927013287
99749,100.60337316816745,80.17326063251748,7.0119668358520055,28.0585358265375,219.83010039932572
99999,98.8420134438141,67.41745319668735,4.9380616328392195,27.975583267651622,201.62965549713806
100249,65.71884900024237,62.79910024135332,9.7443341942693,25.929104809558893,205.22521738390088
100499,92.62848720023081,74.5489268066412,22.58749818205003,29.48417652142391,249.75491992155284
100749,83.58583607349216,68.54663228392474,20.009915171377422,33.18052843600837,231.87588585644107
100999,100.69988050365781,84.27552783156395,19.954937466924875,34.41739652115163,252.74739477241974
101249,102.03177334647056,90.12768221343053,27.133101136122228,43.803743929759435,245.17970613340862
101499,103.41500262089181,82.64732030385613,38.04247110364365,61.88240081252706,246.13433276753526
101749,98.39987143307711,71.69217913785637,36.271107103860274,62.659262578886,227.935925387451
101999,99.14131369679461,78.27958788131102,39.10699399074206,79.39366372016994,228.82123816533124
102249,90.72967106303915,74.79092169001882,37.76816005481297,98.29879739694128,232.89573781647252
102499,69.20582299172023,65.47475626936549,9.084691904447274,45.13660447444545,193.1921728406128
102749,69.65150107662737,73.07082737004838,9.090218315272345,52.254751558820004,193.66548033023412
102999,66.72170567891851,57.584156108033554,8.557432614827707,38.29699771653487,192.18930153100894
103249,58.833844296845626,46.53179576378982,9.393273555555421,34.46145497092202,194.42177544317272
103499,44.6816845196923,43.05054924333962,10.561045021635637,29.27588413766948,187.6788180840825
103749,50.28707273269951,50.611078237405216,13.023164184945811,29.893696010253883,209.0182885494648
103999,55.62190010132505,57.28552843695942,14.215423420960459,27.456550973986786,231.39184046809052
104249,49.57456709534059,52.271225789165086,16.95071665779251,24.713668527646437,200.48397832766457
104499,55.6760834364033,53.04113570598786,18.054714894281172,24.35336635483029,215.98216272902158
104749,62.90158843574598,58.60995385608568,19.077992602655137,19.63448817229645,248.6080133789361
104999,48.98943494900465,57.257235905771374,17.002161046858976,51.895145214122806,219.6842648287771
105249,46.56320072412507,61.06986818894465,18.251284899900067,47.42121908227388,212.4026200029705
105499,42.36679813272496,73.23803044536156,15.678939452011585,50.68104510390535,256.5334024483934
105749,41.09860308433813,62.64099933429221,13.245987489861939,45.85429768899863,242.53398657069965
105999,27.464115061781733,51.666533857662934,14.737072903120534,53.288021211811554,209.23296595267453
106249,34.82176839452862,68.64781232280656,14.960938344352392,50.43778787649535,254.3484718005492
106499,36.19966358518044,72.60296163794614,13.74560732763061,47.537059442970275,251.21767004843784
106749,33.16425581668369,59.88418829776248,8.798838448329496,52.662204092471995,218.22771859513068
106999,38.83375310315918,55.637603251375815,12.211774676916928,26.66625255426883,231.0377991982316
107249,43.778441416773575,54.98058863375294,12.01109394356162,26.16690196132749,226.65811156494965
107499,52.7409008876397,53.655448918808624,12.5252317363657,31.456528414984316,205.19804697556953
107749,52.16937090312487,53.23677336951353,13.83058822184087,35.15867410424428,190.1384397197555
107999,66.55618833526043,52.48985908709473,16.173325741292512,33.24350196514504,191.16442523115276
108249,62.395124972931185,50.210562347270475,17.239907263041157,34.38363372351549,183.61556956148834
108499,59.32606104438611,45.29986253341444,12.196348973224278,39.035738472909856,185.3660307253043
108749,60.873282784989016,40.24041300944742,17.766341080411546,33.75604503445895,169.42356175714625
108999,68.63517071799407,48.2683332525241,18.50347789624697,29.2614567215815,182.55351723840937
109249,68.09767820347905,48.31435619030407,17.546796263246687,32.03424927660923,184.4827209421303
109499,57.006547074187495,38.00411381591162,16.694840167006976,36.187669791503076,155.6558623485276
109749,72.21921479360108,49.911769622341815,15.281753964434763,33.85031469656414,179.70806327024792
109999,67.25709013487167,64.61391329237517,13.37206938328584,30.87405584897957,211.46198849795098
110249,60.394742375369724,53.855887910321655,12.792860325975283,33.790967653691524,192.35517552850513
110499,52.22083372502836,53.94381511225076,32.467397115763774,30.802483910109242,186.48999414100066
110749,62.22754679771517,67.37786465335164,14.91951473274234,30.106387835082405,232.64004941446512
110999,74.04704134476944,63.56315234682609,33.4398649097359,44.81438708444566,205.08828681422017
111249,68.06886222457172,58.92429938844835,27.339737301493756,47.35191550300495,181.22454754382602
111499,59.29747167177849,58.67207383900244,21.518010503059482,34.79514104852676,196.51537055506242
111749,41.18193063057365,47.48728969111201,20.281130057038364,28.034840626429325,164.1065608911497
111999,58.3461800645331,59.35450319213119,23.708893396293924,36.37782218828769,184.7807639857274
112249,54.72818447466788,49.99784249819514,20.857859463066802,35.23647931110079,174.03458193601486
112499,61.79399223476944,57.89327494670335,20.89157925334192,39.73620459030115,186.7814413839792
112749,55.03550309886003,45.73904094882928,53.40820672506989,52.60084994214587,179.19501296945117
112999,54.61894850873291,43.39089310095253,16.265211215127557,31.08842399854499,185.5223628055807
113249,62.94356887946596,53.770912280531135,26.92815684687367,40.40429361630561,212.47210190089413
113499,70.22380943299476,54.588293342323034,26.181420867845095,37.431466488985244,201.31048207901597
113749,82.50471087428515,50.06088936782265,28.2430995985356,61.35194026634544,192.80704590390116
113999,67.39726469057679,44.053534309342126,26.176560762388227,67.90939224660563,207.16406199727632
114249,91.24785825756376,62.61080961296886,29.786214159325862,68.3511611278137,265.7930518557591
114499,83.22556450405396,61.86016526382757,28.597723099586055,59.083536766584984,255.8209371319632
114749,83.28490937094203,63.79675067083378,28.6959117621789,55.92638242849692,269.80492294881503
114999,74.72190706907638,67.52295891836982,24.57260671871727,55.833739370996625,257.432620767958
115249,57.26733985347073,53.97812822874842,16.372090037012754,41.348394950374356,212.60223712044063
115499,59.72287051661787,64.42981891252137,17.788414303166853,45.79571159082276,225.9021778402629
115749,55.669586395321765,63.069361670575105,17.666225826379357,42.667615312194364,235.60656917784172
115999,68.05973456662603,66.37523475209392,16.71963261053718,47.102152321731865,198.19743390284486
116249,64.37448360890893,56.74409362695723,16.548733042342782,46.743782265451735,182.85198772872533
116499,72.63135446374073,64.43978694046089,15.651081676430822,52.91191184788548,204.7946880947726
116749,70.31669828720885,65.13945556346137,14.16532691520619,50.40967800456493,205.53052745243346
116999,95.71323988238922,76.77186285759511,15.532305638171078,26.22734330556583,219.90760926420998
117249,135.82467779042636,95.37251691659299,15.821358404174774,15.675296318189867,217.0966134370941
117499,155.2229588854855,87.27173873690953,9.879796141705858,11.409978158455068,206.26496957352583
117749,202.14126741974667,104.79983720412898,7.719657001291911,9.151907021133624,182.074603455489
117999,255.67031661418213,119.21332491257914,9.014350073651798,9.375290930117405,166.4807827185305
118249,276.6963656982925,115.95544456508443,6.292499150108679,6.975664370094889,142.5305415357625
118499,313.985684552761,114.60227372840635,6.647082179312338,6.087311803255467,125.53838917664916
118749,376.61713568142727,122.68635764760997,7.186093990876477,6.334802078273661,108.47977626148594
118999,353.624746135068,109.94066297212366,8.63488345366301,9.44077420803876,94.35739436742632
119249,360.25585844993793,124.84548791644343,6.577972139300219,5.882398284602956,106.08126164256365
119499,360.61095655046705,122.62490755365326,9.099819633003019,9.153938489203158,99.13142651070599
119749,345.91649736803356,117.70059524578862,12.749063698589282,13.97323858063384,89.44699713619788
119999,362.257113934981,114.21911200658681,5.995761788252623,7.786368566866328,89.2646474256326
120249,387.98221768621397,130.54690976199652,10.127481996120233,12.984288096347635,107.5654584145778
120499,369.95652294158964,119.20081556024108,8.944252351298937,6.305391873373005,103.7005913319662
120749,368.64525757367176,115.55142389954563,9.472165393863778,6.150176288679541,100.98324726676007
120999,384.87248465251344,124.53370807137175,8.680739758573244,4.0442904383239,110.74399671448556
121249,345.8462539305709,102.31113222349114,10.202582592378217,5.94472673503532,95.81544789143511
121499,356.8765494294226,109.61224204232705,9.159190058926189,8.279272913146054,102.85964937793557
121749,427.613095213976,136.3266531924816,7.363549234420594,5.079320537690975,118.019935280142
121999,423.34527939394405,140.57708939955108,9.290307333068286,4.016778412289716,115.08309268017986
122249,394.4523821254761,127.44784210992408,10.149643178158009,3.841687823315546,102.61897389537269
122499,393.81937807835925,131.8631011315299,10.584107991662096,5.87528974650456,101.59077028799511
122749,415.8068664291537,158.96258781776004,8.723115215941467,4.185952475185515,130.31547135327378
122999,402.35655821969505,151.2128347309778,10.239530894774344,6.585001467445872,114.4102067390949
123249,363.2277867146489,137.49453001237288,9.20134371697595,6.645787028593564,109.00312639683955
123499,363.2753785390967,135.4445192273211,8.730907085942476,5.8539515980272885,117.63727565477053
123749,305.74218404092545,142.4835750338855,13.35450424061073,9.939845549654947,125.37269178592916
123999,272.54356711398356,123.40677564638275,8.73044401434019,5.12181214741492,155.04904784480487
124249,279.2079635723678,114.58062835267354,8.255154264962616,5.866282677381383,150.6066828257803
124499,311.078329861542,126.87170044569336,7.899935280066492,5.252898952867569,170.18933866772196
124749,312.11473692339615,112.3736712647452,7.169797778976967,6.426564606530306,151.47209649460413
124999,339.9487470503375,129.04104279900304,6.605023346416261,12.00107943787707,159.57718791635585
125249,352.85175690422807,133.02449902347809,8.553534224864539,13.1879906188787,166.77851139468152
125499,349.6331785033857,127.03108071304462,6.937926475294616,10.046800666764916,160.28210229389626
125749,312.19645848875643,112.18704124222769,6.101604792545636,30.786402497692208,164.76207779980558
125999,338.5902372685248,111.23692564442237,8.232660564533505,65.87345193299853,106.41135423454
126249,356.9288098279159,143.4113852760634,8.105387151904536,40.168613648438736,125.61497147999444
126499,325.99479444346184,120.79823717014597,4.722504983122478,16.56827310735354,115.25280321382502
126749,292.1113182903375,115.75293657420809,4.823671300437911,8.60223285134374,107.2280641717032
126999,284.55806639160323,120.49674317120386,7.993279959103461,9.691064572764807,143.95299818766495
127249,266.3981820417528,111.40201912614407,7.481876036356201,9.224569351297868,131.89240798725717
127499,262.41252197690915,115.94563957599092,6.970757410365682,9.496010838931412,136.00774875421504
127749,299.37712201596634,132.97731176573737,6.436819586199295,4.7501972823412935,146.74136285386564
127999,246.95546221418084,114.95467390256806,5.781031871750044,5.823989259798069,133.3012040828963
128249,282.2159060624943,124.1258439049399,7.694690561996198,19.4249987528947,168.31101613081896
128499,294.9002704575056,136.49867899391612,10.529377232975106,21.11205667007344,188.53216769327992
128749,252.63350738507867,115.09493350503136,10.515951593960404,24.142333058590722,187.77656959411283
128999,230.81825722862004,100.31034161214278,11.095786704183006,21.930805257786545,151.2141985515644
129249,242.06777814367234,111.15636961107334,10.348464001579243,22.619981232868525,184.6217355664008
129499,244.82646650572087,105.28568133974835,11.853552378569645,24.974553573131573,172.86561638461885
129749,224.71686268952914,98.62853133969341,10.068561081669243,21.867189297822108,156.31917751330073
129999,270.1674813965449,128.7512112452494,5.1700800475621564,24.089635347021,170.30993052496504
130249,235.1829621064843,112.42624927924409,5.298977189586725,20.664692550802023,142.60252992324553
130499,239.95487006286538,124.96218031052427,4.891585636139708,18.78230688934032,123.9498665768695
130749,305.08544704243,129.5018427770091,4.502497229105437,3.3391642239265917,114.92539073712032
130999,329.353003321398,135.513269685767,4.023791532356285,4.206922093131013,119.02023156354979
131249,337.1950143034702,123.68819226898398,4.939133138253524,6.408460759726889,93.84395831014339
131499,342.3883107455284,118.43258366197618,6.7374942387178764,15.108698252429395,95.82442372928612
131749,407.62264538920084,143.77433949594544,8.32886102699085,7.0956604573450335,114.7052050402949
131999,393.1466396032514,141.35197745661264,13.119909651595432,10.793772296017117,107.15383074674638
132249,369.687025292511,117.91537672640318,17.82564589478732,6.394308803032393,108.19853741958268
132499,382.53867461363825,116.66790459652933,17.733487097105183,7.424190433813496,110.28519647970444
132749,414.9924179058702,119.25267626452873,16.69515179880858,7.415076194023736,125.74087920069928
132999,409.08464039451815,119.3293555017956,16.56363991998434,6.813974724009554,118.50029061740791
133249,348.5590931031307,117.73506398288163,9.76952594444733,6.191140051742379,106.21285834789009
133499,344.6400593266188,139.31712297290883,7.852802372137436,5.248969170903605,119.67098490120418
133749,308.69525266396886,129.0528002366672,6.482451987495665,7.355889633265907,119.009087843164
133999,303.7880171693778,161.54743641466274,12.231615712618684,6.464858484721362,143.08996212250244
134249,285.0347818323932,146.21624387682274,28.573075974085555,23.177460891663323,131.06033326204576
134499,289.79449306393514,161.08819007570284,22.303884735406246,20.067567644341914,136.87603527183086
134749,268.09263600965795,158.12108550103244,17.44575593520964,18.030753027017226,133.96457807947874
134999,191.66125788854407,116.12595505054932,13.80066540521932,17.030006351503772,109.17265987400305
135249,251.7091232803667,147.95358271657065,15.167995250801049,17.192496316207666,117.07189713984641
135499,275.38173822842526,153.16940112014854,14.613543244124518,17.53394192829449,118.61880833775695
135749,304.23237005584764,148.661152023847,14.184287884493253,18.960050757266103,108.93379896249674
135999,296.5559308299984,111.41630619652118,23.319514745154503,22.970121004752095,87.46290355457684
136249,383.6138215008033,123.34006752339188,11.17746225229676,2.999775203699435,119.41030023045175
136499,348.42694586072804,122.61821750210332,22.38120907130839,9.64186290868197,122.97800982249419
136749,318.31405689972905,98.52409613966029,23.043240127433318,9.15606883451088,95.63288386463307
136999,436.7825798500403,135.50781857169213,27.84704582943825,13.359550338991616,122.20868296613138
137249,386.41049444339336,142.01856600217508,24.42678763299127,20.16736524804589,192.01626328433264
137499,357.3619852060168,112.9845028464143,20.59444791697755,21.039514142062,171.97617817812954
137749,324.7173802072938,118.91733572794547,19.2808143129729,20.519616918047568,164.21430112543644
137999,319.19065960326117,124.9195434519116,13.812838996983537,21.77599425993116,173.81188816527518
138249,308.14049449187945,126.26260338990485,13.873327696693748,19.309331955248556,163.79465407633512
138499,307.86314506922554,108.79167723217188,14.575581995870234,16.363544078415398,121.35843758046731
138749,318.34158906258165,123.00053369173096,14.029176962421039,19.3010228874465,139.9667813104669
138999,302.13505506707577,110.3765397033282,20.96298503158145,19.768309733078606,127.13277314416496
139249,358.1167456383156,118.58757908383926,21.76558064165424,22.310550182550365,98.54469982697672
139499,347.90847967207196,129.85635982608528,25.572382248622386,18.5775548648322,138.9954467012401
139749,353.8595837289052,120.86434063349583,26.430962827567612,17.196120150694874,144.4020065519565
139999,403.5358762063633,147.79234319628117,30.477959970167756,9.444574290898835,170.98757199456884
140249,391.16390918010825,133.258699398492,40.10606906937441,8.33928253433412,164.21270443409844
140499,524.5625714960776,173.14708754197085,52.74525904414294,5.684302594138627,156.45345304213467
140749,695.6956805965725,210.68593258742632,38.23103950756179,4.687040244464396,126.08254281326266
140999,794.5442607005153,243.76287177899502,10.668889539488353,3.0485834873398834,91.34559735791798
141249,893.5874894569695,236.77752245975728,8.04907199846884,4.450443139921484,38.274654359270414
141499,1213.8374236576874,295.5606654010633,6.68921928244487,9.233833269255939,14.341324169944329
141749,1502.1422059637302,352.80320713939426,11.15283141609909,25.449103434462813,6.479115221141618
141999,1637.8601219938384,353.1722273554728,27.685985957009322,40.349926873190334,3.597415448880996
142249,1987.685585762088,424.8870877599706,28.41714941000281,76.52504143105448,9.831322985108187
142499,1862.6124569177773,404.9771016850827,29.007015843704515,79.0871340294439,8.309556776959738
142749,1809.0601541528677,382.1425896492877,33.41015190590174,72.49272638532412,13.108254431748875
142999,1890.7389896369582,385.78715636812757,37.513946616426054,67.27052142465624,27.418729990516383
143249,1984.2258984138055,418.662251973297,34.07372943464432,79.11484444180644,32.13717186976538
143499,1954.8673930999992,397.1359029953568,35.78563086364703,77.55544401633493,24.677167020098736
143749,1873.3477257803477,374.14452742856326,35.68506922311553,84.0016846267525,14.80208103936566
143999,1936.4398313587471,395.52714734157183,30.96652751378022,88.68287737322392,13.60504379064988
144249,1868.6227166565864,385.8691140656612,34.386330652482634,84.0766787596346,13.885877288712798
144499,1939.7829491007728,385.53734498697725,41.5870038198092,75.1368544963967,18.02127102397134
144749,1954.8285742959943,407.44752799212125,39.81729031043457,81.71340053179102,13.610330782833046
144999,1568.84660759119,451.0476477691825,31.027720000974348,89.88164223335647,4.923885831482124
145249,1494.6099642239133,414.20507697883846,40.0504273668964,80.88820920255932,4.520312779163306
145499,1467.2333488146153,407.985147700169,39.74087780771177,82.33316679680125,2.293520262336674
145749,1585.7908399021694,453.1779371249205,36.48560014197296,82.37515744661134,2.845586271475682
145999,1470.2537746538412,398.2697196400868,38.97438163107427,81.73749574152869,3.833107958933436
146249,1556.505281412545,426.4868632083164,34.77247064983775,91.60399376195514,6.441048435516946
146499,1510.5762565030823,427.741346372916,32.67782897421638,95.60497933315783,6.556130412669753
146749,1467.5086250105085,385.8347170237016,36.24086439923388,82.89964642942846,7.349406188764334
146999,1715.1291404452559,388.0695624449011,35.06082876401052,80.30419496062052,6.082550469879001
147249,1628.2252579019178,377.4174133529935,35.16338067535511,121.66591033382647,18.43168754920932
147499,1664.712678949818,381.96656243937986,41.00799810747013,100.64470446437952,23.155019419702725
147749,1584.7529089836564,340.52616636217545,47.713405603372024,87.36402557692014,20.57392384484656
147999,1828.9482045970367,391.945621091299,53.799996732451646,93.38431756335213,22.74084242312243
148249,1745.4776756252338,369.48200728805404,56.77742820542676,88.35408755163323,14.98578401644814
148499,1691.0900040358406,360.6616889395094,51.66542922955026,90.46728476703022,11.119601405175601
148749,1710.517713920283,367.4178679517877,52.82891527071986,100.40144514231437,11.760275869538148
148999,1649.4762276693746,365.88718134571167,56.47296815625895,100.12751136196856,13.054269556487966
149249,1825.767108863029,405.00167634640667,49.507643704961176,64.81212917201613,9.104817069845335
149499,1663.438187417831,392.35861212516045,44.55086130581421,75.61830542561948,5.296515973208782
149749,1717.6640447888476,418.70739787732134,44.01744379355114,90.06753719804752,5.130801806953432
149999,1521.8094072600868,400.710032719472,39.5920661093261,92.72946578565664,6.960173968648762
150249,1405.429019692118,415.98052672629865,49.15800203907396,89.00391072710394,9.743896217018293
150499,1480.1020100262597,424.00612132995167,54.73291033641485,86.82568884905218,12.802935875876415
150749,1505.9956576266254,426.8019083887506,49.59723230578957,94.27470620176088,14.348153993030586
150999,1529.4641483076473,447.53557214511864,48.31441960580092,82.07276741631514,9.662195470538258
151249,1414.376264927782,396.5224597282819,55.749869322575805,78.92420442514208,12.210341058130451
151499,1578.213428802041,446.1257000347734,46.122259641589594,92.5680087688004,12.296946557733811
151749,1431.1055268207926,402.47650926057884,59.221629501859354,82.75876568413136,8.938614959892028
151999,1497.7037716859481,372.95793868702265,65.120842612803,74.5901508838771,15.602106493227105
152249,1469.2057167252929,372.9797083533183,60.32124615466125,75.88575228848686,12.057851735650509
152499,1437.626470363924,391.625595351259,56.14065344746568,85.79672590950005,12.439413567934224
152749,1467.734166353786,402.06671800423544,67.27553925762379,69.9995969935332,10.262603060401354
152999,1409.3237608044585,368.4067606116099,58.49933518027373,79.84178028742274,9.523241701141956
153249,1520.0908407345912,401.38307842441094,38.670039530837165,78.47604571242044,5.743338375779076
153499,1503.9590131212574,393.83205640467065,46.10559323481888,74.16487639950277,5.662887926322231
153749,1637.117440121223,409.3027485724733,44.534419867993556,81.18383320911605,6.017355631065424
153999,1908.8746847366278,441.43365023553883,42.65072618817835,96.37751151973568,8.237388909472806
154249,1989.3185504977064,438.51580087951334,35.921198132707346,100.14972770814492,7.46055474107669
154499,2044.2161395098278,394.9348373948251,41.91903529205547,101.58649833058634,19.818710896182665
154749,1884.9731036066182,349.91914874654236,37.46884081366825,97.92495211236832,28.42856366821967
154999,2048.1670336463076,399.0516979012874,34.378718234933324,93.21519159354328,32.25624856497457
155249,2192.951388578855,443.7947858017599,27.172509494525087,91.39196361177994,45.29358155644526
155499,2039.108965557139,412.48089417215704,34.12126802144813,75.69734535346436,89.85724089099378
155749,2075.862398624746,441.831895346892,32.85524312635215,78.57479246872907,86.31933457847023
155999,2150.058946929113,450.1988958311538,25.887481626075875,92.22379314757971,91.06561480554296
156249,2131.960478465181,448.1635278089203,34.25557162414239,70.31113240123238,89.78273548736536
156499,1832.7343347073481,440.1635903075917,40.44761510078857,76.31891284103017,25.44991174958721
156749,1921.5848553903443,470.5046488317105,38.14349330453863,87.04956517567506,20.76402569811009
156999,1819.40643490268,432.7045575453277,45.07709908699776,79.16844525666752,11.238062628462018
157249,1598.5815458940147,395.021273516895,89.70896704905262,92.9246521466294,6.342313485609825
157499,1699.662077524132,405.549525566133,80.22040940897719,91.74017526658247,5.9954044253797525
157749,1736.137913020671,419.32142185917144,60.435989419742285,91.52110591723292,4.8852110039440415
157999,1612.8065645857669,382.8288278087855,58.82601210258342,72.94064137453161,2.6476444168738773
158249,1472.078845245395,352.1084663755501,50.24053938027137,76.90474697033967,2.481485350788656
158499,1634.177498538514,395.14177182336863,67.52902968682425,82.69504004695422,3.7026023322883024
158749,1704.08206348469,427.3154515316661,55.18266709420793,78.54605800363728,1.3400279443085532
158999,1779.4054339038616,451.1260389809962,62.648163549920525,91.87760462084994,1.7156520989028392
159249,1857.50631021237,419.07118104212896,38.874999159719195,85.7391325888771,4.6476924358521
159499,1845.2719678670167,413.8293220318124,35.72467664045982,92.57945476455271,7.859098013326806
159749,1715.4176484095256,438.7280950463779,61.535606398933645,94.97965167802369,19.334794688856533
159999,1732.6157870218628,414.5339982542978,59.043335805946725,99.1174416010637,20.328398246950115
160249,1913.4527480979539,465.7138560165718,60.630308557176804,111.3086646224612,41.555671903763624
160499,1865.4733327941976,504.8226792909529,50.88749815306385,121.75965455766658,21.079808272269545
160749,1767.276781244067,481.9897561146759,55.201180322942584,105.5426553876468,25.793590530736438
160999,1691.31155787735,470.3830256619897,50.133387950954756,103.71455743333374,16.720500641579427
161249,1686.79000102674,488.83517263784256,53.24029349746619,99.39211045961835,19.193461375567807
161499,1715.9458331503513,476.5206745754442,42.953652923152255,95.2995555232489,10.409512634604141
161749,1967.250800217699,448.9858926793504,34.844408932164214,86.02466533536978,3.705356740658292
161999,1952.3060948191976,459.90797470993493,33.95885833626028,86.67341718848954,4.674829497221446
162249,1878.9218960817686,437.4584967498463,34.083695157460916,86.71199047562644,4.121873357233504
162499,1981.5545095836476,465.9588782768031,36.876331868596424,87.53609740015635,14.11416611452674
162749,2036.9928816372653,471.2668359391909,30.178519712747867,94.47399451362706,14.871240649590831
162999,1951.5102888997512,429.78731947497835,33.23209698425718,87.4803017446803,18.541932059779988
163249,2038.4044929973318,443.71429040965796,30.50450930536796,84.65479975549663,23.890746474794437
163499,1929.02452898191,437.2891534607719,28.237959184995375,83.4672653413006,37.990067885337
163749,1868.090023093669,411.97121799511444,30.63924907732188,76.06196843599186,44.65097668989492
163999,1892.196317609317,402.97403602128804,25.185408737461223,86.07680356100086,37.647530724839555
164249,1821.2245375808147,358.34166962932215,27.472946979077367,79.98253433310141,25.359332457079404
164499,1755.0161491163917,300.4343280491472,24.39448880912268,78.66116866690747,11.681351035228847
164749,1649.6446645301364,265.16381615955606,24.72913080662019,78.30658731339683,10.281009693585611
164999,1611.3941520542317,253.42816822095045,24.162046107760762,83.73967920668758,9.724236179840801
165249,1506.198908962107,232.57601444528726,23.436876725368215,81.30694045044127,10.16578434614629
165499,1519.583404994913,245.27056591342756,26.088993325897235,78.04684261454314,9.436273069897908
165749,1345.4051024527719,218.81713704104038,25.125395103864367,83.53303129387716,12.73519104635207
165999,1275.5749974332768,200.179733966391,27.852985837375265,77.46518903427932,15.281299022439537
166249,1402.5296426510465,217.4238025213706,25.664028082989198,76.96782480962952,11.192241479810688
166499,1288.3725386600913,199.27677524190247,33.28384888626678,72.9675447336619,14.73720860382803
166749,1320.6462561538885,203.66756455511,27.85577428311101,81.5412659609755,13.218102565068659
166999,1399.2626231604227,215.9421653178627,30.040319620155316,89.77772092899161,11.76399391857478
167249,1365.6308408131144,215.8096850195918,34.56552444712853,78.2935392164816,11.08343558141448
167499,1303.5974293148483,195.3943210285504,33.88881267120909,78.12210447958621,17.516629960141216
167749,1407.8802898345828,205.91643091038284,47.11049372557223,79.64756728780917,23.39122141867142
167999,1547.5579710253069,232.60876808546845,46.00102899979483,83.51144282701465,16.37753410763888
168249,1141.0195519132997,240.3880795600554,38.62077445122417,77.29881568589174,30.032396066905196
168499,1118.403195649198,234.970611003946,42.22194859315262,79.89290907299932,28.973531360885268
168749,1121.593325735248,246.03656796078323,40.1791151963472,81.51358007203216,21.503129610291833
168999,1150.10462865096,261.92554794984716,39.878536884547486,74.97430698051019,22.824980369525345
169249,1072.3179392875127,213.46356640947096,34.99781855120678,79.95275918668082,28.90560684160563
169499,1153.954505858922,257.23754074243607,27.50556147053183,84.57100586409649,32.509116663803916
169749,1080.3093678404168,234.5971018402408,26.383009576463966,82.3568337205828,23.589697538538054
169999,1024.0720314519592,200.37965366079288,32.55200598457923,71.20484637229674,28.733962550006638
170249,1277.4430755060996,218.50363856060818,28.383575211310777,83.5922278363317,14.888975291244572
170499,1213.9840238621562,232.1076855494078,28.77427211185387,103.47194902259544,23.840383775775003
170749,1175.1416069041577,209.25102067544907,37.12709447401942,80.91620672231822,25.463605005107702
170999,1162.478211384401,203.42836372535996,37.168582671694864,80.91214331180616,25.995550556856543
171249,1364.7003854621983,251.59140758283218,33.40027745416384,94.36422890027704,27.509751565387468
171499,1336.2519219605497,232.25733817315793,37.79646948171374,95.08944608592378,21.672595445779685
171749,1325.4421768062657,234.93004834634363,37.05346742103287,98.02359750811125,20.288220330094767
171999,1313.4176093667995,239.48837179809772,38.2988066204572,98.52687960580568,19.20958013955002
172249,1304.0713500891948,223.48407759360043,35.902849919893384,101.83480556749423,17.74032087091686
172499,1473.8899721483335,251.62419482270715,32.21655963040945,85.03777117941995,11.861903338907695
172749,1314.189317918513,241.14954801306604,32.98586749536469,86.89658324054983,11.83361439972516
172999,1324.6369643527305,252.53706281784585,25.220488067460412,95.3847329730035,11.891032892445882
173249,1135.0584394124755,246.17080254177122,30.801022815303643,86.44543743317453,17.69462530958425
173499,1098.7349296439104,244.80814604479576,35.730058704282584,78.98676235804214,21.596582221791916
173749,1091.1030358778153,237.1324051892226,43.587866271349284,70.67615855852462,28.09462179333186
173999,1222.8589452759752,282.7425670657442,36.57661473537593,87.33997993550751,28.88784925939562
174249,1144.3964565256617,271.8922648476012,45.223563713098045,70.36857270218431,21.69879590017714
174499,1116.427361585786,240.4497980659399,38.610964447516764,79.1753659875429,34.157262526529976
174749,1353.3478760545331,286.9789785641148,29.65902493437213,82.69669807266315,35.12596970372365
174999,1152.1148469515706,236.96806454351696,39.05723853229086,65.14910952260583,32.72549519993976
175249,1289.8842539254174,219.3728117084352,33.25332984341816,65.5883488308938,16.808266059786497
175499,1273.9460338229894,229.68850429038912,32.04199581478497,69.08638562336361,21.5488736485554
175749,1241.3757629414306,242.12412623741915,27.10747128423114,73.98096790418677,20.30174896748788
175999,1214.8583338112517,223.00477115340087,42.025360446470934,59.74855784556298,18.649161459309564
176249,1199.1025502731952,223.50372613638592,33.11701156027826,73.0428870441989,19.945220581940973
176499,1258.059526776708,253.40837837165608,33.40916805884784,70.26034604876595,12.9505817954238
176749,1207.8220020087338,237.72487120771933,34.59127763253328,68.05920633357748,12.743898290994146
176999,1355.3886890418737,255.75172042557114,32.110542814356414,78.05741863339087,9.264296411751321
177249,1364.216283310013,246.8387539520982,32.64066181503469,70.03345434755012,10.363920080032749
177499,1428.2615394833383,257.5955490659011,31.469398422335544,74.65414432407147,11.208565184637909
177749,1548.652270537515,246.1055846842425,34.80730803259544,71.25160769474918,24.224486814289875
177999,1521.1979246904714,241.65659233757845,31.01700190460572,78.95937455723033,37.512424654006985
178249,1690.6052830480544,261.2149667115176,34.8270775919061,80.00008248213501,43.85493404661564
178499,1732.6761399758805,237.1290524762568,30.73175620020733,68.96084160661762,60.326864872058025
178749,1686.6793107112335,212.75752267739801,30.40813038933894,73.07556700964018,61.24265956302663
178999,1742.0442952236626,241.6826872789715,29.321201649131567,72.41180154882109,55.221183896708325
179249,1775.8745301889176,247.06001114148302,24.31321010008709,80.41488411786229,60.80944692091113
179499,1634.017708008209,207.7295344803587,29.730050362064077,68.84174327379083,34.7174642105733
179749,1587.5420124147904,243.78566729047336,26.93188557678592,80.58385406170639,23.98376692729502
179999,1572.7199822905932,261.13875734770573,28.186082918824148,81.40209301299984,31.31328734202964
180249,1507.9414299459233,250.8595856018681,28.0352411690192,86.33444628828455,20.698342858360895
180499,1243.1311399105211,231.20561434233343,70.95412080227814,90.91821997566002,17.744750408168127
180749,1330.2315346805742,244.4428925603738,68.08784399522656,92.86907953509969,14.936483447445736
180999,1332.1874499211112,243.6271596691068,60.19389013248574,88.90735920682928,12.814322227697138
181249,1236.738990126389,219.47781289631615,61.33208454122492,70.87817421008124,10.453418349858628
181499,1223.440952443724,235.36235713828057,48.42262342940718,79.28812761499184,7.538717044687779
181749,1284.194542404934,232.26599584294217,63.4920833393916,81.40557592816396,10.837752577953362
181999,1376.6741939764827,272.0026145788994,54.81726799459337,78.05415507442355,6.943403167683847
182249,1363.647252604713,254.7930171452683,75.29354149785716,88.96874396696857,8.97158936693375
182499,1524.0329041156233,253.53138825221814,36.76344360544269,83.89993131710963,12.057571287774595
182749,1519.7864034731585,256.94698951058956,36.340424855922215,78.64364328858727,11.190633054037026
182999,1445.1664601336586,243.10006051525244,64.18212273659393,78.7640683841484,11.290859831307188
183249,1488.9451056951339,244.47357983576563,48.098833009208875,96.65867190617459,12.842312150192644
183499,1589.5188352261107,275.9615300749234,55.90634785964875,91.60535433632242,14.473078905676847
183749,1512.2252257801244,270.353027634232,56.68475910066728,97.4938195133038,23.656137448193117
183999,1420.3607980907627,239.54250134653722,51.76337682632924,97.30039105303398,29.484174636991536
184249,1444.9742512781288,275.5733411810307,49.432519644372675,95.26029350465322,22.515629699607885
184499,1422.5720853096373,272.38270596384996,47.27669453716355,92.43354759968679,24.451313742359247
184749,1414.999084512469,263.4595618480337,46.30197146724616,89.68034815503322,22.863641275913025
184999,1527.7326131914226,256.9167704403032,29.161914523845923,93.51831705458487,19.05987244185374
185249,1532.3899535751736,267.13385351926627,35.91367498823375,87.74424485884526,17.8719140260584
185499,1558.2483996308722,258.90742423187214,34.04303846169988,93.83958389970468,17.36638000818853
185749,1576.6617124130803,266.392384253423,35.230474231059496,85.98811900192074,19.771048096913745
185999,1598.6803518723207,271.621746698556,35.06890393429929,80.29892129586203,16.599000856163357
186249,1550.7137233564713,239.52094603148103,31.340875678083478,81.29172959405858,25.881298769084964
186499,1654.0089445085473,279.9863747599109,29.452056758122033,81.9817294943842,20.87041941061367
