,FR_LH_Maha,FR_RH_Maha,RR_LH_Maha,RR_RH_Maha,Cabin_Maha
1999,3.03510572833198,5.500883432594481,12.56416845928313,30.51172682442119,2.680369315844375
2249,3.0202967488649626,4.444809025487367,18.707857699632896,43.708947919643755,2.882783219946313
2499,3.97194556398035,1.6863273558813676,42.948362653364796,10.316348593828327,3.73136765106482
2749,5.182290771364617,2.985793118089469,7.341218645337793,9.088956087624531,4.20212526653636
2999,6.648705366746013,3.4488254444346205,7.530640746146232,8.594516531861993,3.7899464406773244
3249,7.2987866927847636,4.144554515954819,6.8577054051801145,8.00853807083209,3.9540239688867396
3499,8.282704629843089,3.703433471389136,6.40160005720544,7.530964329115415,3.0329701682174104
3749,8.104664180227365,4.143165755331926,6.187480112598209,7.864070575892787,3.5327458863599714
3999,7.881325126386991,4.465893265673378,7.546057949591964,9.225944154153977,3.54537024578509
4249,7.7972841746701675,4.441055250691923,5.430037079148704,7.640517338054976,3.0395973506831493
4499,8.146528933583717,4.193635959737673,5.223340553362969,11.95150876110679,2.8159871772258196
4749,8.202832783434342,4.212752881960145,5.352043625780221,10.973299250703171,2.526910265297527
4999,8.568623709721416,3.4728002612951845,5.715612080254491,9.853243131443069,2.1995663609898988
5249,8.883685306578274,2.938532242812687,5.447712232265125,9.072820609315634,2.324402143292492
5499,9.293698980633263,2.6061998272091915,5.32847231374205,9.432380914565716,2.2938478825128557
5749,9.677516655463243,2.5034964556800094,5.524860169930582,9.883147876535626,2.112118500533849
5999,11.500116254177668,1.0699735374493435,4.5037090438627265,9.181733905776811,14.145558603486112
6249,10.955221959329393,1.4631712368201621,4.614102834531823,13.700223388154624,14.296917161188839
6499,9.904397721520517,1.0884052961922914,4.700834035276191,8.846983297545265,13.574050204923056
6749,7.998300186259943,5.284452905771448,4.362526312472466,8.889581247347865,9.477504793374974
6999,7.385348697195199,4.154467108913459,7.625341334846134,25.79236320653543,9.42492762518774
7249,6.430612367287801,4.242985730419079,5.546690874811822,20.358586104862667,8.92422580377127
7499,5.799085638579186,3.6808832570067413,7.010884701199165,22.815552970599068,6.333195321439188
7749,5.304115328345013,4.488400234979745,4.096937466391959,15.09845475945471,6.178826079969126
7999,1.3892540276244736,3.379220832086719,4.103059512395487,9.154742010997248,3.9624501020064837
8249,1.5593777100255046,2.6458112853680946,3.085343651248278,6.343613660150718,4.235257633610281
8499,1.3819330208787306,2.441130366754758,3.0518735280432843,5.523483184055328,4.760390496752135
8749,1.063069656979768,3.964056629011348,3.597715467275543,5.764837990637447,4.420842801491453
8999,2.3359123122211027,2.0946024869163615,4.610056002661818,7.066670246452049,6.295316394182824
9249,2.7226004553915923,1.5082224288014063,3.608953644289877,6.4238793114052655,7.974727204173844
9499,2.480504366960832,1.7502759111056998,3.3333262161848407,6.054188419121133,7.294369312016533
9749,2.4531548548005664,2.3978276738465993,3.0133803824022287,6.903095779401813,7.0679613048013
9999,8.279341107981189,71.70149912334082,3.173450407428049,8.082810662030653,5.271029764196162
10249,8.598311904937184,61.425653114753125,3.7326892138775314,6.366988842629449,5.199821441913967
10499,8.49741277691042,48.13933368829877,3.6513437144657788,6.521438841173996,5.6754106412839604
10749,8.423828191220293,53.47040993714718,3.7883562834644224,7.338509821183812,8.256955284075563
10999,8.377250614040147,49.32045775830538,4.126371037101981,7.487257221872078,6.894626688249545
11249,7.4554597854311195,86.11252251901257,4.326080739998628,6.819526032717997,13.296924246927393
11499,8.254580056645132,53.123939611360754,4.258189249143881,6.978337314065402,5.9005194625443735
11749,9.776618200851857,51.01801860775977,4.4238238183743315,7.110659318036495,4.256017557366559
11999,3.213752322942315,2.8952483085215728,4.567710553997499,6.950526830010005,7.355321681225755
12249,6.767284599312966,2.14608217301134,4.124373499189747,4.791802919369578,6.185152981240989
12499,9.810507530400516,2.000304068617574,4.009982363205544,4.751182385094216,3.55501714752528
12749,9.772743701535816,1.9449260602898093,3.625707035230886,4.955315949747417,3.588891058880149
12999,7.523238376936944,2.279627182100673,3.1007059083325066,4.585603851398599,4.385179874856561
13249,3.876316811796794,3.8253186495023663,3.068946502121826,4.404160218276615,5.843357394802887
13499,4.369834816530767,4.282605727500445,3.043874987043938,4.4933323762121455,5.3364028775544154
13749,4.6584106272815475,3.935008697161247,3.346268107730745,4.460816398704633,3.7951178880307106
13999,3.1120921697734105,3.200933261138319,3.030121426526652,3.7828755657466524,4.886769657671543
14249,1.3585357473768356,1.6440357185512222,5.095259740706458,3.444398735152276,2.6626236684813076
14499,1.5487374922407424,1.7275564745270497,2.9438208502703884,3.4183035546344875,2.6919193677362654
14749,2.8202885672672555,1.0424730860034954,3.0353027095614435,3.659631149402259,2.035901419965427
14999,2.432722837311948,0.9495866352772238,2.992386667864059,3.4462754409803367,2.61300572358319
15249,2.1120500476662167,0.7560261270918877,3.127709594528368,3.3900898788267724,2.5106390664908376
15499,1.8646496969358137,1.9575313175055324,3.826362513139642,5.444829927260651,4.619859609123618
15749,1.8260582484498729,6.269223864942186,3.36947855287232,3.675699529784018,6.6159322048842295
15999,1.9480971588632212,6.337369108495103,3.6077869265953417,4.2110250874435,4.608373331994314
16249,2.4808423292480097,6.966025618123399,4.514492927622737,5.822078586495716,4.1015360703132915
16499,2.564270427655484,6.532348600711948,3.2682299787178173,10.634331970195369,3.527172588866264
16749,2.0915321575586088,5.64711489193398,6.113221842803311,19.719229501764335,3.279113420191408
16999,2.6068189364085614,4.699680841612582,7.644848906630313,20.38550872149733,3.020190068857232
17249,2.6830527569603975,4.768765197407929,10.733952594183728,22.86673660318775,3.6694852623137737
17499,3.091387592601364,1.1529446669906998,16.40936406004286,16.6192736962474,6.450845799725813
17749,4.309707195609378,4.399683711238811,30.215807165105875,7.45055692987527,2.7192426311399878
17999,5.286514003176141,4.228138696213492,30.75533197791406,7.549557766520601,3.206772607723155
18249,6.253211440575186,4.377058897269576,27.835010316088372,7.41364474992246,3.3683155643351506
18499,6.281785153252668,4.074043607252921,10.1120013943762,6.8722247510150964,3.7858115812020237
18749,6.2809934649740695,4.230190207763868,9.736313799985858,6.488077675499594,3.967957180649487
18999,6.083454183309816,4.092712895256551,7.729562949026492,6.978745815771374,4.061831044133933
19249,5.876673338564713,3.885353562317855,5.519890988685697,6.524653893497601,4.689937303741242
19499,5.754858042339555,3.4508113716993667,5.210494861796249,6.671204683206692,4.806062771316691
19749,5.7440464976796894,3.4270211170501694,5.1257361649303155,6.4048383854117095,4.7968130643597355
19999,5.757969542658694,3.0895199887529383,4.968942536953003,5.914621006813792,4.13100122557787
20249,5.551224543429903,2.6446226277039466,4.290854803298445,5.9010360592237125,3.953717753613742
20499,5.916483583517883,2.503444673283103,4.456385018481113,5.908513511938824,3.437590215143916
20749,6.774199713364389,2.3463496297755237,4.509286778358218,6.290869733814516,3.038361867301373
20999,6.7748613891841,4.6927934149715735,4.278679156815667,6.093197408585062,1.6237900062263104
21249,5.96547581592266,5.105546238020798,4.804362401610927,6.9788649194882195,2.2307825956540093
21499,5.162545471463393,4.948287202102222,4.782639910157382,6.8954297809891365,2.2580836298607863
21749,4.589160133905279,5.016922166000764,4.609907885256468,6.834992619909407,2.6710707208605577
21999,3.877165727245961,4.634528594847596,65.78544121129984,22.78124491519727,4.771945632450697
22249,3.5398450572748934,4.784803848970872,29.658509732758635,9.039761054519406,3.2202482395568546
22499,3.0714537714589114,3.4754315553709447,23.8294254465007,7.246699876635194,2.9360674564030864
22749,3.4453237465093425,4.2850963643572,23.413196931468203,6.844280640962378,1.8792277007762244
22999,1.5563983985984038,1.9449353406447016,18.3621802713735,5.164076747790019,1.7827061805454985
23249,2.8999092814496654,5.003466298464063,16.027960175637315,4.130557647295798,3.1508366606395546
23499,2.719995509908694,7.293338699879739,16.169316247835848,4.249173595092072,5.415340214625909
23749,3.424616147363179,8.871941440849785,16.32610179904565,4.507217508685471,7.421637544489103
23999,4.858486716297759,7.103302393005645,8.385068319998673,3.6577634745801126,5.918412159127077
24249,4.362590320168653,4.1598398998835115,3.3531087299029756,6.808171578995035,6.280937004199825
24499,3.6267183213220218,4.184490603383264,3.1770565241459456,6.850345166645187,6.301850006855418
24749,2.873216184265237,1.9166087100488793,3.2423846432299213,6.955797207016303,6.1875022664550245
24999,2.5148113685185463,1.7134293980225177,5.021465445789735,8.40167222071193,5.751740695582429
25249,78.50256838474193,6.07410626094684,4.910618823018673,4.859412636522694,13.177919045369048
25499,67.6533949654368,8.175549491390768,5.9942054160533935,5.437498123119138,9.58860486502622
25749,60.779790757812286,10.262596397888316,5.21569771312203,5.638182965524108,10.792942629815903
25999,61.191700171784554,9.980202225751201,4.927428519208049,6.321508298500967,9.45643455618103
26249,63.39955473939088,12.668605736642453,4.090236424995313,7.854981732373874,10.941766684658273
26499,64.02354465504938,8.644684276080508,3.932399255859289,7.2749741238818,7.847121643562473
26749,66.9540939129423,6.253849899079609,3.7947578156221207,5.34854799973828,4.814485095078877
26999,79.41063270624828,9.589951104006325,4.633477287679165,4.877884663111161,9.839855962916925
27249,2.299146735452955,2.841442984066677,4.427522157484109,4.367513006638945,3.16645738729955
27499,2.6483222389565384,5.777132130997069,4.473838810817949,3.606671527836627,5.695458628104093
27749,4.050197078590239,4.652833693727157,5.6213960625867445,3.5443205872118297,7.13060907423062
27999,3.3077626932076427,3.68543030133586,6.051441816115348,3.19514098314098,8.19139473054907
28249,2.3042038033349086,2.622664572427106,5.231178659958744,2.7573864083596433,9.021797160156911
28499,1.9759807230885735,2.364126685237991,4.311336315705576,2.7339150944762585,9.342065548070758
28749,2.4072617939856915,2.0305006133083854,4.940061304744294,3.5424866753500006,7.182417398358062
28999,3.185065621455895,2.3502769937139436,3.3151696964967012,3.412618799182502,6.369561388180329
29249,2.004300387812022,2.3120173090147134,2.83498071529834,3.7003131033594494,4.448993025515559
29499,1.641655016407135,2.641757691639794,2.9396778547384663,3.705601454869006,3.4283474157233766
29749,2.6416331273639666,2.880837082999311,2.8788635947402557,2.973796456521965,3.8704869880947115
29999,2.371489014668583,3.461165310846503,3.0962758920040168,2.9098135933641753,2.977648771402581
30249,2.8030754967620863,3.3322076164354693,2.5771937202469655,2.8752135581527383,2.4095967162598284
30499,2.843224749572935,1.420488093578293,2.47717298201927,3.249119441068247,1.4040811442959042
30749,2.782280231720154,4.5666311415207055,2.666958903799497,7.986994496173932,5.42531800512413
30999,3.3578808194838135,5.341862082185443,2.1229396696896883,6.2704405138203425,4.673371775502013
31249,2.8980622862791368,5.645273056164203,1.218826582779726,5.963053039665162,2.5933180130466287
31499,2.8687733515931084,5.379373631630507,0.7374894431035339,4.598474069683362,2.434305952616317
31749,1.7571051795672978,3.885841734093856,0.8345483939036533,4.43647759426052,1.6533337670755452
31999,1.6248251429764602,3.259239995831546,1.6487857007102429,3.9538070559913256,1.5211615407062364
32249,1.7309043734869538,3.103890777956289,3.12403580729624,3.704249628773882,1.7220208870048264
32499,1.3337169955936137,2.562085333153342,3.55796139509984,3.8477880917271876,3.687764285410415
32749,1.749187685847459,1.7467928381103992,1.3213813348150052,3.23218237476204,4.121817814493207
32999,2.3272211670901024,3.206028643618668,2.2106645918356986,3.2688468552080288,4.420950550314363
33249,2.3218718689902063,3.3866921100177683,2.2018377559700193,3.269653482182176,4.3501883907523915
33499,2.2868061152304247,3.7525472396037096,2.685777240106931,3.2784726492814706,4.643834119936457
33749,2.48621767073616,3.549192778626236,2.5601887548857687,3.2516998548345892,4.6438574022504575
33999,2.3629035918765204,4.0052790477316185,2.718454030495304,3.2873238918525627,4.889527036160451
34249,2.1573025416901737,3.9408660723168025,2.6056368805787153,3.2707324283679036,4.86925706848773
34499,2.689781970902991,3.105933166174011,2.4744907600987744,3.1740822777159616,3.688960189219801
34749,2.2126026663924447,2.960277635140278,2.443365011463159,3.1620999496786815,3.664639291522565
34999,2.2519186482866234,2.7753911951796093,2.3923539692628903,3.119829110161971,3.434423075083607
35249,2.6261920881081267,2.677636195858765,2.44825214622355,3.1187895076617917,3.1999745491177887
35499,2.6298793883244764,3.081561680951622,2.4116507965508247,3.104398622110482,3.230375926566188
35749,2.7686551249747366,1.8221409339586605,3.2030845698949593,3.128444883558376,2.5083241884893592
35999,2.7757261390763524,1.2492504567267717,2.997326965764665,3.1194051962392924,2.509353123152235
36249,32.89704068044303,5.63547931384628,3.103744625570359,3.3742541241197963,2.160200321477352
36499,33.271105558894824,5.156041147567051,2.87949069416693,3.484041123692595,2.000052059257568
36749,32.30539139635189,5.173177389332135,2.74097330001231,3.5562597252115484,1.8636466156827793
36999,29.631742231090335,2.979653529285611,2.1022202824568117,1.9706108922514893,10.101776215038178
37249,29.608085090899003,3.356568779942032,15.651410869336333,6.469718927469142,11.261961714085995
37499,26.85085162952679,3.3478862656714448,13.731293552666802,3.836614674714925,11.084362287775868
37749,23.041355094536147,3.8487289657032693,13.92643409679523,4.4699636657298605,8.486298692059917
37999,20.84857326736562,1.6043242381596357,13.77981667776073,2.9024709387133543,7.274282066606753
38249,1.2862655392273237,3.9049478688887107,13.821303675360136,1.970141108262285,8.179034415372806
38499,1.2016234672091959,3.528344889190847,14.949238066369745,1.7414325482199409,10.402900351285084
38749,0.5871807754147139,2.377495848756076,14.410085441832228,2.050129605027641,11.642710471075972
38999,0.802176229797932,2.939983499597474,13.762857744955582,2.1009106610044115,10.09026307480933
39249,2.7095772318119655,1.9618383259217158,1.1226066530516257,1.35319002326523,6.116037638433647
39499,3.0257080837761845,1.8459290045799128,1.4021640132634083,1.6591355422627427,7.160893140870078
39749,1.838570298340962,2.1283529270520702,1.5396836896303836,1.8432180530651987,7.319681086844889
39999,2.0686093947824156,1.0048801748972442,1.8773454099315492,1.7932216156854408,9.212743250151835
40249,9.65726324372962,21.12110124476649,2.7502204346792047,2.257815662772898,14.18824758592046
40499,10.114805375591027,23.819269215265955,2.264806210434321,2.2288873416139174,12.054315297540134
40749,10.485181972187734,21.324563328777803,2.8409237657471604,2.3459898483871133,9.307853139577093
40999,11.021657039876766,32.38309764511021,2.467973512471841,2.2957771583673425,8.651625627117285
41249,11.106370869292006,27.93963559896757,2.8333113741010645,2.488231304402407,6.506663963004072
41499,12.245525819504026,41.56458601001209,2.696592023442225,2.2712677722816736,7.600934352309608
41749,11.760159913613784,28.372699462663167,1.8371045068907084,1.8271679455832575,5.2019746725012554
41999,11.355177235096285,22.980312440673835,1.8924868830389658,2.2215540976374477,3.858765224111788
42249,2.193117997479103,5.718096085326247,1.2777414210424167,2.7282312487161726,4.413655102284563
42499,2.9997930231482455,7.657754349109946,1.4172512091942264,2.617353114459418,4.187772617743606
42749,4.317186311587029,2.7549640061798066,1.3897602529477684,2.447253503883759,6.1463330057089784
42999,4.1073861314396884,2.183042803438984,1.8776272469536022,2.301607433021723,9.053464246321322
43249,3.380954026746205,1.655584068641872,1.7787807693061697,1.8735312776301178,7.358482980421445
43499,1.8480998297766025,1.5889288957395695,2.3406853407362416,1.4714196542521207,6.908034199565992
43749,1.9276227975396614,1.6372273680181764,2.844817085305559,1.6453308065898422,7.981530140954448
43999,2.366318042241582,1.888737324647576,2.524998964370762,1.9198998657047641,7.789300482359801
44249,1.8746860770726155,1.9640347581139506,1.435207250055852,3.433676642240848,5.677226914865382
44499,2.757964323803437,2.087931736977436,1.7785207850939262,3.547100277661435,5.584490815000935
44749,2.4345052229195363,2.1869545164600637,1.4597456766825163,3.89855321137604,6.325575318250107
44999,2.406450470375918,2.0560203430329493,2.410869627347918,4.475075134565232,4.8140178620546275
45249,2.1276390935528853,2.8314373514911253,2.5805960636641783,4.674685625432009,5.642028855181806
45499,2.376019841656438,3.240027533301711,2.297442247690311,5.021855487505045,5.555653726486327
45749,1.990045014978262,0.9269200794909915,2.7846694622746933,5.541427372699238,3.084624968827138
45999,1.3272429856942334,7.7510818786653495,3.7899546130875406,3.8647314859475057,9.361808502257201
46249,1.249694059816997,7.192875382514186,2.897638341555847,2.9765639083751894,5.968700627970022
46499,1.0795310430046579,7.988468038248315,1.9650753292807523,2.2628623854624093,4.55577087105095
46749,0.9469112025211687,7.22893792724691,1.700893716674409,3.091641942446594,3.173307534220797
46999,1.1062164072417617,5.797333758761908,1.6390860531090579,3.8019768291515312,2.2995943120482236
47249,0.8606716844703297,4.562362201548108,2.3165526179759284,4.613799943171707,2.082429356497898
47499,1.1815946170846925,4.274059606571616,3.2876494217282213,6.346092651349526,1.89379958845207
47749,1.1484948283667695,3.4255483090198617,4.204867605946265,8.48593585483757,1.987625409683909
47999,1.760770961791626,1.2481871092107275,2.72956839116368,1.8108397207703686,2.235961938037865
48249,2.566804027825845,1.508384001645412,2.6232596715758327,2.174812927349927,2.5570201508259696
48499,3.3922076444274833,1.7981899730057729,2.6693010037536498,2.1418961353494197,2.8345558515165594
48749,3.316594505976077,2.1229712819165862,2.9692795640817433,2.1507241014667344,3.451153890168647
48999,3.4866476893929286,1.980516868483782,2.9608559708920525,2.100275750944099,3.180709531268415
49249,3.12511312872323,2.1648682754201682,3.5553952102832698,2.1276722598859172,4.796903093966601
49499,2.7750864056551388,2.314158726661575,3.2989265339180043,1.9425265781738652,4.812128412204452
49749,2.4462983352347303,2.2603366608483744,2.890300146771575,1.6032192342752225,8.413013052009063
49999,2.2159552841291137,1.8320313918693627,2.87177773813668,1.6157363532651234,7.291720284404324
50249,2.1516603362739253,1.7897833123858857,3.029300959779333,1.315956828346719,6.437128621692469
50499,2.2769620697145485,1.8181974679817556,2.717903213022588,1.3391063122693543,5.608167921104932
50749,2.5528307198242053,1.8297256285135104,2.4955390063373963,1.2822780277259993,5.170359072794217
50999,3.135919257882966,1.7532272918727745,2.446135934670375,1.2914169491018554,3.313311577060554
51249,3.147176726552868,2.113469257670092,2.4930682350590323,1.429619101470787,2.846879008663078
51499,84.03495472719766,17.58732349353609,1.7692833799608172,1.207875708907081,0.8962572943499096
51749,82.97910985572132,16.981380203518395,1.7165096863824498,2.5346812287845406,0.9758306338797434
51999,78.19229852404104,17.992937175528024,1.8462436584240551,2.366896528918574,0.9597848487423725
52249,71.49059022686438,17.707192926844993,15.13808793664525,3.8381186904871374,2.175745332012861
52499,67.82169119119716,20.27207143851099,10.626110341321219,2.9342486452547796,3.014254173214417
52749,60.53731298283008,21.57103806065419,8.510202061928744,2.7171408063873006,2.9710666854324486
52999,49.02284072603951,16.222048280564636,8.68902796195922,3.0698010964744245,1.9999482906091843
53249,47.39867639210768,21.600769446859783,6.422229039909221,2.199413944686319,2.5431292663937226
53499,1.958584916061914,2.844342706678507,6.254737001465981,1.813329979441412,3.8301464240071246
53749,1.3909536613885436,2.053183242833847,6.894824920535068,1.6884344279640304,3.6585453375948096
53999,1.3683383178655415,1.5777720972324096,6.883830232084312,1.7011004242439227,4.615318647469891
54249,1.9062383855606246,1.6591847927931198,3.354712595042074,1.6011342545845948,2.8361341790195866
54499,3.2019068307556053,1.0551763598667963,3.1815847066925484,1.8621672994704748,2.980449013230336
54749,3.405824881524048,0.9551909064822502,3.236575884714968,1.8589648323035324,2.7257029094372163
54999,3.5840590416469955,1.1169970885074578,3.5973434864498977,2.081072486197354,3.1577580074162603
55249,3.935139981152617,4.021205253262543,4.54146699311862,1.6226937335029457,3.167529117926721
55499,60.98407958376919,108.32681939264845,2.2541040615566166,1.4440590694152142,11.594002867128998
55749,43.557864227427146,56.96870516670669,1.7560330476491042,1.2655657991456482,8.539610463997025
55999,33.81239100615931,37.940490849823526,2.065546763056555,1.5200459359897533,7.257340073044018
56249,33.85927088280482,29.568255630342918,2.6776209071816117,2.002524302071361,6.639150884442774
56499,34.44213081022843,29.995841897700007,2.7515508183279396,1.8304864982243387,6.5656141155062295
56749,37.39677984709966,43.47842669715547,2.5692074547693773,1.61387526323108,7.346739656921225
56999,34.72088966853078,17.0211392876283,2.306218201268764,2.2116193274500398,6.524206433886697
57249,37.276048158677234,15.251680026208268,2.2498422409774013,2.352477038751322,7.084094330001089
57499,1.7682161772977087,1.2561410384114218,3.036609407033151,3.851901871536966,1.4475031962337173
57749,2.4290875717127007,3.3990442188541152,2.9787684661088223,3.883844341236586,2.210133248514332
57999,3.1151558202901795,2.598730123861814,2.5853708845846537,3.2861367777073958,2.3186129764593
58249,3.3549960713507256,1.9948489435213934,2.593839120822776,3.041191190159324,2.7971573315596623
58499,2.458795871075124,1.18565147966238,2.121738003237891,2.49467446440153,2.584299274441046
58749,1.9858016731774397,0.9794246925741197,2.260472517650897,2.594176548587104,3.4036302791953297
58999,2.0635899783700227,0.9094818230480325,2.307284719907374,2.655778701409064,3.3010587793719908
59249,2.3046838657184376,0.9501178666448139,2.2800397554175684,2.8256124291607465,2.4568183082897717
59499,2.4281264350042453,0.7538139776682442,2.3107609637296966,1.1116175733889322,2.524611127437693
59749,1.86233719326555,0.9434425662573903,2.3663065492166235,1.3615231941748536,2.6368277846376147
59999,1.637427905250106,1.2985455144551667,2.375331306706543,1.292296511472251,2.0680543650187273
60249,1.578017514013784,1.8702103863163797,1.7843442476270286,1.41426473334312,3.784568821565686
60499,1.5709546342500322,10.925703650161383,5.7643444283621905,4.06748306482365,15.190565318202173
60749,1.0965041313345898,10.890221970325095,6.872918759021412,3.9748757074948777,12.812257291595957
60999,1.0984597408596468,10.011741535436393,7.266355698421795,3.69757950141451,10.61461517146365
61249,1.2832293152839802,10.379267987356595,8.191193502309451,4.162353890777619,9.572618990276544
61499,1.3587067646001043,6.038851105055266,9.539991781580975,4.084075279974852,3.2697658735221435
61749,1.4406932752466262,6.082614016219261,8.345022686667335,3.83124353288628,3.117333868569125
61999,1.8893724809091315,5.597932431494694,8.377674421127551,3.873150365523622,2.892179375959431
62249,1.736350305058997,5.376797609591181,11.203664925530466,4.187373178783304,0.8536403059205115
62499,1.9953574205250644,4.02006505487783,3.917786070950387,3.343781990633415,3.0611989038876417
62749,1.9153611844240208,4.356977759999707,3.3657882826175247,4.780420718645263,3.2809362133858833
62999,1.9310461712885416,4.625842564049976,3.500743608693573,4.687360191937877,3.0317045342243234
63249,1.8449415464932988,4.4364967252926295,3.540512563053491,3.1814235600979073,3.4301288907400527
63499,1.761842388555789,4.467598823970498,3.5300469198615376,3.4394314469529657,2.998937796619905
63749,1.6603967164127105,4.682651195022505,3.482465202107383,3.465732523242141,3.064593850202869
63999,1.505784835290102,4.085634434124855,3.4445300180668723,3.653342225138634,2.859678187700435
64249,1.5249565711382742,3.525772456754907,2.9597074951560653,3.28840831507738,4.459323435802475
64499,1.5494621707611334,3.1365015203969944,2.987124559536848,3.1165368104304867,4.528810761702398
64749,1.6255649590202301,2.8381203430343844,3.206108935871973,3.0281181869515805,4.489671203895303
64999,1.5259387444705335,2.5666117992769375,3.4452330811652048,3.20055861175297,4.65317072445494
65249,1.742595491016255,2.1490931811760885,3.5688263913818736,3.154723347550225,4.451374665257447
65499,1.9733886036698327,1.8248913088167689,3.5411347117856424,3.1400822871328944,3.6272741415972254
65749,1.7095199875097538,1.673835393289042,3.2789320409366662,3.1590958334329797,3.467287243801707
65999,1.5100741076723732,24.20633865483042,3.014640213822523,3.3116331209286036,1.7094520543735694
66249,1.4601799336818975,22.754666449832555,4.176412558040154,3.3387436931831536,1.6946812195563208
66499,1.2652933044486365,24.390330037210706,2.5395446983491445,3.39475153299284,1.349033518818494
66749,1.1365697653588562,17.38333422820598,4.557335828269738,3.787117229731583,1.6668443140231195
66999,1.0356301635991585,15.952963323967033,4.357794074488947,4.128808478206004,2.411174617058215
67249,0.9664500478932513,16.459949370158306,4.312916990342482,2.972921065472108,3.2164311182865695
67499,1.0080489251816576,18.54907922027076,4.385542685642767,2.8573164832115,1.754128020694877
67749,0.8506023526212678,16.03080863360761,4.304739328948897,2.4553065285503015,3.544815234728082
67999,2.4277256019438385,1.9514952104935346,3.7973358340864647,2.605547548509795,4.708695906065561
68249,2.7105268832512217,2.302420577170691,3.713479165998504,2.998151063164579,6.309324612203203
68499,2.6559685327641964,3.339354000717771,4.287099620331752,3.604327286308801,8.11154494009561
68749,4.395833346837437,4.331305840126047,3.535901230735929,3.815933161480072,5.678128480374613
68999,4.447963493759653,2.934307316256602,3.51055811494647,4.783687230088855,3.049196588257629
69249,5.344316107198475,3.3057954494441852,4.048246618399149,4.5873739687864035,3.699851870909906
69499,5.068316105990409,3.9061674949058793,3.6109555328583958,5.37478764554936,3.360572827798076
69749,5.474809154366445,4.175944826386453,3.1603826318665322,5.701794533393345,2.1090201441723275
69999,22.438853899520492,72.04582205838086,3.9474883639387754,4.667372964451657,10.125252008509419
70249,17.010973261633975,46.410722132662656,3.5722326314547,4.382247789540485,11.81895570946562
70499,16.203657484497217,49.40826907936443,3.8093613593728857,4.443328554866711,8.707485129689159
70749,15.488207194989355,47.864370185024114,3.1951676127928224,4.495692382018274,8.283378012291303
70999,15.067885998761497,41.7110875734294,2.90860412349738,4.473642930766045,8.059420600885094
71249,16.017635184239435,55.402273940795034,2.8781081127347132,4.457863313015458,12.399132068127685
71499,15.045363542326474,31.766852469717396,4.0700067036235215,4.409429219670493,7.995308438562039
71749,15.611747499188436,31.066143511459945,4.702973055083792,4.38744586952107,7.9357093578710804
71999,7.041351725169863,9.341008785047974,7.071499048313702,5.095724625169128,12.687051831579513
72249,4.204160252855722,4.389188646211443,5.000042901899523,5.550711773787741,6.358084483405707
72499,3.7961779949397876,3.7352705307132945,5.7192901327073,4.533314366843567,2.1863635266578556
72749,3.554325771167662,4.184893817795731,4.409165455532151,4.5701946977877475,2.875125251625769
72999,3.185297194330543,3.938121669744865,4.549864437771458,4.3091628928850545,3.9820504968444164
73249,2.75026234384746,4.054384925497989,4.514514118868901,4.438855515467694,8.852257873760491
73499,2.540733421024634,4.947952603473963,5.149635663309283,4.802337105068539,9.704174947659133
73749,2.573432143006619,4.805542185728749,5.520294291966094,4.690288910474055,8.437586980936032
73999,1.951013528571595,5.335267787671002,3.021959652611085,4.999436635538423,10.85624910597427
74249,1.7600594174607358,3.9694554929299284,3.041333214473343,5.307506529095403,10.531641520057313
74499,1.790532316164642,1.7197007468210297,3.5058475176908424,5.306181956393859,4.218285444038006
74749,2.2056877599337645,3.024564329070682,4.578434404093727,16.91869537413559,3.3904213354474715
74999,1.9339208749998638,2.6844188158781708,4.678407969552605,18.095932208397237,2.4288979278303553
75249,2.676244105817015,2.153350042710952,6.217225361928697,19.09603500582829,1.5564559631669967
75499,2.074505716260616,1.0695396936000072,10.011452778318235,23.832175494118687,1.3961633850259862
75749,3.2240344421720146,2.3693312481105697,9.349961473967321,18.59724365654855,6.900782047884886
75999,3.2103769424693422,10.984308108840764,11.43391800590362,20.90400827431244,10.527487350742202
76249,3.5744102886805145,11.09148546881059,7.446269231536759,21.539191966914366,7.413145417506053
76499,2.8928398409461344,11.059076561798598,4.430163186239343,22.569387551696277,6.410892300956649
76749,2.626004294898497,9.076809752795105,2.862384220603698,4.902744133345166,5.519406073794823
76999,2.7899900381473564,7.244629770082726,5.357770240468488,10.29374438128465,4.704495298339322
77249,3.5730361508710153,7.467994638807676,14.351535007257866,36.58249735971561,4.739160481180506
77499,3.655663398191474,5.734009640528623,37.2159532112326,93.77547414312068,2.8925087590436322
77749,3.791011457554591,4.172953150665039,66.24923385978109,56.0449592538961,1.535256983203977
77999,3.8250091500550556,3.3905271158667993,19.62360074585473,10.48699114411824,2.8624636326708153
78249,3.969631735807222,2.990049481682087,20.438195816674327,10.106864514699568,4.005020137858593
78499,3.56442569693942,3.0825219327661637,21.95748296975577,10.161118133593796,3.960584477174532
78749,3.432970722745642,3.13182110087944,19.80870781714162,10.615344196287175,3.80613646993944
78999,3.1907808386716217,3.1011467220641458,19.152443644990875,9.029103465548417,3.6856947157223705
79249,3.180989408660398,3.3409091378462556,22.443745434760192,8.92314191310429,3.736528238666873
79499,3.411614951199478,3.8360520235650797,24.278221412501033,8.950606568999731,3.6497431998660623
79749,3.862602847587585,3.7265955690812484,6.0491055362181685,8.868927121849762,4.834037974669988
79999,3.6543698380966703,3.3809848223130516,7.317783810517042,9.148110546276333,4.763701541229147
80249,3.3123844651107226,3.232079047418233,6.928396839146702,8.729410881805705,3.114408663531815
80499,3.3375256055855878,3.10254545616956,5.656282062616048,8.574816489597866,2.9711052750922513
80749,3.028851546081133,3.0037974914374583,5.355577507516429,8.602806628001467,2.8151281222441233
80999,3.042349271938618,2.862334585553941,5.00413053253968,9.273397115785107,1.7805957425583256
81249,5.2644126755129985,15.14378012658969,12.199194619792241,9.344694548106764,5.092731161768531
81499,5.385567967591638,17.720721404914134,11.925811166745508,9.44072156484243,3.773160841076139
81749,5.589074513380466,16.68244263321666,15.51456498075971,9.520338779912391,4.011563514971906
81999,5.7063372097797185,14.455754168121278,14.727746025240794,9.11678346504544,4.108863524205809
82249,4.968158448608522,17.14831030172473,78.84060509848632,7.957925467465362,3.901873249030857
82499,4.5790934038219975,19.84066338610026,51.874693984818315,8.780788317177706,3.2321129696659203
82749,5.175795756268344,17.936174412583227,56.501536105580385,9.719302171371892,2.5211304165456556
82999,5.3860117891773145,17.104915598830953,59.87592351190553,12.681383124819797,1.3261102500630146
83249,4.3278251391012414,3.842406694058264,36.03708239626826,11.81309484753785,2.02783374516603
83499,4.70961881185497,3.3474436554390916,27.31570444413436,7.481826188789549,1.918040410697857
83749,4.257378736953397,3.96041933993852,25.94711089568549,5.989975987478129,2.4111397189578305
83999,3.4337318263754106,4.837337404529849,24.57535549113459,5.963754358738855,5.097528453325152
84249,6.626299462617605,5.382694852657473,3.9826055388407573,8.379694560806369,6.363312059445097
84499,7.78006653771736,3.807172271208155,6.0481502227275685,11.106218927299723,3.3688269009876346
84749,5.713223695417227,3.727820940988163,5.225859572395599,9.660677573050082,3.274970735902623
84999,5.233095442407648,2.8124459090614513,5.548374795659173,8.69429800625918,3.3265897765755663
85249,67.91960121131709,53.32323589257725,7.524264236085754,12.90268970177885,23.06611907088949
85499,64.49828598114232,51.44238490818124,5.23817867421042,21.193873195480172,21.923858936125857
85749,66.34160033923862,58.39616572138873,5.56035296611078,21.511600412375657,11.923553510225702
85999,73.68132111060496,69.81102546231931,4.8528110239789255,20.44589197310508,8.725690295485572
86249,80.5617823098101,74.51255930733402,4.68562043197027,21.911940340063186,9.574293630926581
86499,95.24633841601354,89.42100787265454,5.160923487634574,28.762823931352806,12.922774800601257
86749,91.86127086018323,76.72556186011558,5.817771460154285,32.99606341601228,9.380713915233098
86999,82.60146308333292,70.24971875413623,5.066669564493886,29.423475660488045,7.552891219381342
87249,6.178371058736822,5.0456957008805015,7.636164265167078,23.441674671323156,5.656989238812945
87499,7.745876434877598,5.639528435212249,9.27092051326604,18.090186536727092,11.69746542972682
87749,6.842857884466077,4.476413346816065,11.155778610918045,20.002054531991643,3.918167373474209
87999,6.661832654718888,3.856382393944324,13.80549945969635,24.482411939124166,2.2237387933900186
88249,6.004975890690762,3.4546496626175056,8.553792738049514,14.894113210187689,2.250256235636653
88499,3.966136807138721,2.6824895364815236,5.897565946769845,10.242513085682395,1.8933776683779218
88749,3.9020069818736407,2.729344353547027,5.786075957347463,10.732239603058856,2.0018285513681353
88999,4.417550835149987,2.8772563545317453,5.3355739600323195,10.769109255485175,1.645773078461194
89249,3.407556220289494,2.6372296044086743,18.17533279756086,18.301271854587714,1.8919119893315237
89499,3.535701038629954,2.587589841422091,16.642613609419538,16.606846219152583,3.499321280273559
89749,3.129226053979186,2.56476535718722,12.901633249340028,9.44768803977276,3.1303589684092077
89999,9.486272686125343,2.5787467311410217,10.003183169332612,5.419041175314087,1.9795122370981262
90249,8.79044043096206,2.343906081369636,9.063532882678244,4.937276159113082,2.6858666333218997
90499,8.477433722482075,2.2767281809297764,10.636356759621544,3.7220852512651885,3.0944605307505437
90749,7.757696160541238,7.043247762903725,17.283111284907218,7.654647625342127,9.917710050850634
90999,7.506418234836126,14.477285754692282,21.7620566534753,6.843517137019561,14.75043331700338
91249,7.339352782876451,13.232538579934264,17.947265891926552,6.143264577864163,9.114039630033385
91499,7.22427677425699,12.077470589883392,13.440492826649573,6.868144960075401,6.099977365022519
91749,6.7059119484392715,10.951695524783197,10.915834048342353,9.810388895154611,6.836047868303881
91999,2.904250559194403,8.996019229965018,10.860424635234258,10.621848103265119,6.2042890814883656
92249,3.1068236130148748,7.9342534781415255,16.92732920719188,7.1643349115642225,6.1459271466991785
92499,3.1582730190168298,8.050349675936662,38.69647078770897,8.046326506410693,5.5325857992004615
92749,3.431081066129312,6.540768466719763,45.062404788881246,6.790309033730957,9.47681328928862
92999,3.919066784172216,4.271579511469435,6.063498523813822,4.853568188345598,5.099267505836266
93249,4.270170951481729,3.983027545659256,6.440845861256722,4.928414975196908,4.972873357650601
93499,4.416292066772971,3.8498976318760323,6.513449148553886,4.97038104800572,5.530028568161715
93749,4.528272297928959,3.978262995986538,6.57564673778905,4.87690532616006,5.626014732668612
93999,4.653257629373937,3.5100343948724535,6.497371441294221,4.917002548280841,5.433704081115126
94249,4.013288649084277,3.609229791913799,6.545588573174026,4.874453126439112,7.923800038484579
94499,3.8425534965815107,3.108656036206779,6.8086300223349125,4.846476831545192,7.956186379021465
94749,4.205370443653883,2.665436482806643,6.602281211215411,4.646295358769031,7.762247649830471
94999,4.229786724178907,2.471651729229914,6.659992523848032,4.6048194881481965,8.094336549555617
95249,4.005420752151222,2.328398792752418,6.82427972064066,4.5788697051768015,7.661240883335467
95499,4.06992262383365,2.3086930944426354,7.349481387226905,4.578578643543688,7.657452799776334
95749,3.6222923384197085,1.8114870885834378,6.65224135871556,4.561740057226178,7.2155000302600465
95999,3.573114143240725,1.8683751978285184,6.705438542895065,4.560373056403382,7.741864576027864
96249,4.37053120729164,8.471782551360555,6.665071973713906,4.605245468968032,3.9382198090669513
96499,4.442807664683972,9.536117019133872,6.328199430552516,4.563480341699707,15.495901627194916
96749,4.7090975813164535,8.822063412296759,6.065488406990666,4.624379808721962,15.53291407774841
96999,4.690816724133982,8.336842378770204,6.392027172503459,4.704153050059824,15.59226678771249
97249,4.097606633154624,9.371049029036318,9.024846962836826,5.192063034012185,7.222178677625483
97499,3.932844097353573,9.953256728411512,10.037309942982594,5.531316736327443,7.865805258791565
97749,4.591804746780476,8.825565527565013,9.442757290091512,5.791164585799578,7.3046439188074554
97999,5.115399625346768,7.514345279458944,9.635953155073235,5.755890689843512,7.831318542476677
98249,3.8352581132208416,3.100841050046664,6.726578095164438,4.640217931617944,6.755927735132706
98499,7.0335729952285835,1.9360180910823688,5.672712746743136,4.160112438557738,6.163723311560594
98749,6.1673307012466205,2.2044815253156878,5.03284702184511,3.7140072237972572,4.771620793574528
98999,5.7516116490569065,1.7915686596373608,5.263817993151904,3.769488529418666,5.196815783527562
99249,8.849109819967966,3.038675676125006,4.337035146163034,3.7076484693845835,3.4482555628070575
99499,11.410978638959689,2.983084127164483,5.339900838491269,4.186287405821822,2.4753661926476314
99749,10.896947243044782,2.7757287482704647,5.50508485336932,3.7910482448890863,2.230974193380581
99999,10.01864732202948,2.6572635500798274,5.998816752708561,3.850543638628507,1.5582764427792517
100249,13.017244827755235,4.00627902512642,4.7701237172607165,3.830830083336137,2.666188258704283
100499,14.847568464093644,5.386174105480149,5.408537512473851,5.26595011789445,5.992456452726667
100749,14.97298196743483,5.078494786811324,4.947564366853887,5.273867251284289,8.08959209731502
100999,15.355179426139452,6.009123563265803,4.502971950500563,4.253694861083188,12.439711466153318
101249,15.964891750751997,6.407049049669361,4.221890807481157,4.530218898779632,11.992389520185672
101499,17.51760453908372,7.839339506685637,4.04194092670501,4.921600334260437,16.97389453075006
101749,18.851843872847333,7.819658556910285,4.501952555218245,4.288742807371739,12.874181603267461
101999,16.8114352853209,5.8486410355518546,4.136927017561306,4.2963497066068586,6.840091039195309
102249,4.731055547147734,4.720582328040513,4.141833942358484,3.642388177504532,2.150774142427198
102499,4.556359090181847,5.033545215825202,4.148431300304087,3.646479486242277,1.5850182826444321
102749,4.731142491840772,5.073431553665648,4.520656257866204,3.769104816233892,1.118484730184573
102999,6.143237701280695,5.049443931861347,5.894981166510962,4.449123091543175,0.9042545930256829
103249,5.671804798175565,4.164567704332347,5.279160840863905,3.8963056064527777,0.7958124358891315
103499,6.131554457882808,2.9729413046413575,4.435544920103086,3.7240325788255393,1.228535836548706
103749,6.252044227081071,2.9382036145301615,4.052337934919101,3.7352367936621955,2.278466852380714
103999,7.200678077123684,3.1971023046379208,3.88606592858692,3.8120686230772627,2.4428468156630245
104249,5.3443806380044965,3.1686394821969386,4.801175112055564,3.809182820060303,1.5921047373275805
104499,5.680506990284204,3.2484475487779485,4.5828320323425755,3.6878582837177962,2.147887950376
104749,5.486303875171819,3.1284910967250403,9.784221105209078,3.3696126246527225,3.427157689562065
104999,5.7412372808240475,3.3698519981764714,10.9201866532812,3.791844221642296,4.548530052894392
105249,4.853733113044258,3.074809457906112,10.240392875629464,3.7685822979329515,6.293295075219665
105499,6.4230654493777335,2.8216925468403993,10.587143229879212,3.6975022402559308,7.097099212822627
105749,10.246814468262071,7.1048879718422695,9.375033602532858,5.838864535543025,10.39887078429792
105999,4.233467001343847,16.921247890648914,8.265443554733983,5.578062576532033,13.844798438796877
106249,5.9620581877513885,13.848450459949555,8.243678535647732,5.614527958906983,11.416304114891988
106499,7.741864927577679,12.386965691730596,7.479064836721878,6.707245430356786,12.542989940368246
106749,10.193910220935742,11.483513318084409,7.474694734885473,6.304695806380262,14.705079648770084
106999,10.836228699884998,10.401696039146664,8.545703797980286,6.886813033160666,17.35897120481854
107249,13.543437547811545,10.135152308167287,8.952478797489997,7.081383667678691,18.164926826129296
107499,15.021627341850882,10.629097464458999,15.14694804544543,7.47836380295147,16.458278053425303
107749,15.248535567370883,7.052952375337468,13.159243260495943,6.8133965021649505,14.549019719220452
107999,17.19241390535726,11.615325279596558,9.822102299360484,8.653684249127235,14.890327053558407
108249,18.192071159529373,11.534367079109996,9.84624371436117,8.799818274952415,17.244683824823554
108499,18.545035613198312,11.220240300512032,9.56756059827073,8.946723179772425,17.872610291510213
108749,18.655842874585936,11.39839178877152,9.37655367781452,8.791106739236612,16.985899405490716
108999,17.72036721097692,11.771888754491828,9.546810651935717,8.584445755844467,14.199506922512194
109249,17.263749080617217,12.257167655266436,9.013447724067413,8.526337098383106,13.644682802475321
109499,11.30954893999006,11.060952740157225,8.203427918348579,8.641623981798531,14.862067328581027
109749,10.947767188976348,11.098326794989486,9.10617843945888,8.720959153246083,15.152223436642721
109999,10.82456581080978,10.63766181648117,9.228141682173531,8.37050756909389,16.66990068249592
110249,10.929753046876057,10.608177083828599,9.04224672124039,8.07363429934465,16.171418225637012
110499,10.834265947632563,11.5274774261266,9.451557222628537,8.107499605033984,16.301489298996064
110749,10.819011927370639,11.301543077710864,9.023466690319651,8.141803910479114,18.15929165490131
110999,11.285734373857025,11.692891144749687,9.19900937426206,8.027184617560938,17.955329994678035
111249,10.816277436204418,15.219717113166478,9.62840269438712,8.079287284801815,24.578148800018734
111499,10.36671907283957,15.891413916969341,8.886768208404426,7.688894022604037,25.625172643085037
111749,9.560442527609514,16.01700883863447,9.780933988554256,7.560654670641445,24.81919650154858
111999,8.59384724436031,16.470762814391165,10.143964851807288,7.230226553576047,20.25425260343723
112249,7.777779401101214,13.350089835085264,18.094380083135665,15.168556162890384,25.184528814125212
112499,7.403295673391104,13.268705511761082,14.758796787344316,12.827738715455485,24.886120129782928
112749,8.103103135704712,12.571454538845176,13.069527321115055,12.740516026591525,20.92737165449822
112999,7.9342444896483775,11.363345965979201,13.206698926144378,12.99848655144019,18.28732282962791
113249,8.200079861382,15.60836679909381,13.841185675441944,14.555435704124683,15.879556280256878
113499,11.647826031164394,15.565468668458013,13.896981868473011,14.965451719043132,10.7134971916364
113749,11.833054813795524,15.265461303371097,14.81917380425144,16.420890719865447,9.026432551751677
113999,11.797875721849126,14.355349447371324,12.97474677331131,15.972438067187142,8.986147027187329
114249,17.81176480609865,16.28674595885982,9.836572682772806,8.880732094701434,3.982791591725034
114499,19.82868338946329,14.13622678194924,8.527251925930978,5.990573145015004,6.571918581131144
114749,18.465802854443407,14.40898622201403,8.136055073321472,5.433702324527417,5.387976897577673
114999,19.801115731257628,13.41619178281037,8.448831201419159,5.304731433694895,9.478519542103106
115249,20.324266175135993,13.803926944252316,7.9056921994744025,5.618034019180941,16.644167409802158
115499,57.76540442670923,25.141830106906326,7.2563477791455195,7.836684624585707,29.91909986451213
115749,51.065307360836535,21.482952350946807,7.110195472906475,7.417303294143981,17.37167206620718
115999,49.951106792686346,19.99417557216013,11.700393884662864,7.143018431869787,20.975167114136617
116249,46.90205535218187,18.167114772405824,11.64152255534001,7.457419710677415,18.212860467985884
116499,49.63645672410622,18.71430040453726,11.682303488472908,7.495924474933727,24.20032571303707
116749,50.603010558911926,18.739935077322684,11.556789486639147,7.302217425826647,28.22077901902371
116999,46.94649851536837,18.238966626821064,11.635104680516907,7.27940439860182,21.996568302479485
117249,48.25323760445732,20.580876324356975,15.021002648609903,7.581680031283648,20.062399275640363
117499,52.64027013859469,15.286561284974255,14.788910324483679,6.330555909806827,9.93009902025433
117749,17.226829730543468,16.305490385475906,14.353372655958173,6.2962743018075935,7.318614915455141
117999,18.019692687420626,15.430173602752278,9.408951569708234,6.4441552932004615,5.884921649603532
118249,18.063852119640813,13.502951867807987,9.848670689303368,5.52189363455432,5.68138599754587
118499,16.174143416196937,13.694868323966677,9.695974874115638,5.285775026290069,5.870630522376289
118749,15.991549358266367,14.035396602113762,8.634464121631307,5.849187291901571,5.644856038769994
118999,15.432047404743923,13.777978084659674,8.738860162057891,5.7280067854925925,6.003241184804862
119249,14.783615230217336,13.220965290651952,10.971216616342844,5.640438679801027,6.921922410986612
119499,14.44167899424269,11.800735265400732,10.403220472052915,5.857023377628434,5.710352618565904
119749,13.50670175999419,10.391714574924173,10.713083898369046,6.077728635916999,9.876942764052073
119999,12.731277210308816,11.095947403907383,12.949958877962246,7.010454658926646,12.50690262188263
120249,12.798633975862604,11.161687493792057,13.525735007073543,7.96302096811342,15.487092118425776
120499,13.652009464688152,11.027353073912987,12.867721559939435,7.685671978164674,20.116447107573435
